timestamp,MP 01: Naamsestraat 35  Maxim,MP 02: Naamsestraat 57 Xior,MP 03: Naamsestraat 62 Taste,MP 05: Calvariekapel KU Leuven,MP 06: Parkstraat 2 La Filosofia,MP 07: Naamsestraat 81
2022-01-03 00:00:00,70.0,50.8,52.0,66.7,65.5,67.6
2022-01-03 01:00:00,75.7,71.9,62.0,57.9,54.7,55.9
2022-01-03 02:00:00,68.1,58.1,74.6,53.6,55.4,49.6
2022-01-03 03:00:00,72.3,60.2,53.0,55.0,63.1,52.9
2022-01-03 17:00:00,72.2,66.3,66.9,72.9,71.2,70.5
2022-01-03 18:00:00,70.3,74.1,67.4,73.5,65.5,63.9
2022-01-03 19:00:00,68.8,70.0,71.6,73.4,73.2,73.8
2022-01-03 20:00:00,76.4,62.3,66.2,71.8,64.1,65.2
2022-01-03 21:00:00,58.3,70.7,71.0,74.3,72.8,74.6
2022-01-03 22:00:00,71.1,69.5,71.4,73.9,69.4,68.4
2022-01-03 23:00:00,64.4,71.5,65.5,78.4,67.1,66.9
2022-01-04 00:00:00,71.1,71.3,77.4,64.1,71.1,62.6
2022-01-04 01:00:00,77.0,74.8,68.2,70.5,69.3,66.9
2022-01-04 02:00:00,76.4,70.8,70.0,72.1,68.5,59.3
2022-01-04 03:00:00,75.0,60.4,67.6,67.7,62.5,63.8
2022-01-04 17:00:00,63.2,65.3,72.7,71.3,69.7,74.1
2022-01-04 18:00:00,74.2,79.8,72.9,74.2,75.4,77.5
2022-01-04 19:00:00,74.4,64.8,70.1,74.9,76.0,76.8
2022-01-04 20:00:00,77.7,72.8,72.1,77.5,73.5,75.3
2022-01-04 21:00:00,76.4,76.2,69.3,68.4,71.8,75.7
2022-01-04 22:00:00,72.9,71.0,72.4,68.0,62.7,65.7
2022-01-04 23:00:00,65.4,66.9,64.0,68.3,76.7,63.4
2022-01-05 00:00:00,57.3,57.6,69.2,69.5,68.4,68.4
2022-01-05 01:00:00,59.9,69.2,71.3,53.1,55.5,40.0
2022-01-05 02:00:00,66.3,57.2,69.2,64.6,62.9,63.5
2022-01-05 03:00:00,76.5,67.8,59.8,41.1,38.9,58.8
2022-01-05 17:00:00,73.6,70.3,69.2,72.2,66.0,65.5
2022-01-05 18:00:00,65.8,64.2,66.2,72.9,61.3,64.0
2022-01-05 19:00:00,66.6,66.3,64.7,69.2,65.5,62.8
2022-01-05 20:00:00,70.1,66.2,67.5,70.2,63.7,64.6
2022-01-05 21:00:00,78.7,76.5,69.2,72.1,66.1,69.3
2022-01-05 22:00:00,68.0,54.2,71.5,70.0,70.4,67.8
2022-01-05 23:00:00,55.5,63.8,59.5,72.3,61.3,59.6
2022-01-06 00:00:00,60.6,61.7,75.2,77.3,67.7,58.8
2022-01-06 01:00:00,50.8,47.9,52.7,52.2,55.1,35.8
2022-01-06 02:00:00,51.0,53.0,52.5,60.0,52.9,53.7
2022-01-06 03:00:00,51.4,47.4,52.0,53.1,53.6,56.9
2022-01-06 17:00:00,69.8,69.8,67.1,68.3,68.8,71.9
2022-01-06 18:00:00,76.6,73.3,67.3,72.1,73.6,75.6
2022-01-06 19:00:00,71.5,68.9,72.8,70.3,62.2,62.6
2022-01-06 20:00:00,67.6,63.8,67.6,61.3,68.8,61.0
2022-01-06 21:00:00,74.1,63.3,70.3,69.8,66.4,69.9
2022-01-06 22:00:00,74.5,71.1,72.4,71.9,64.1,55.9
2022-01-06 23:00:00,68.5,73.4,72.5,73.3,74.1,63.4
2022-01-07 00:00:00,66.1,62.6,70.7,63.3,56.3,51.8
2022-01-07 01:00:00,61.8,83.6,64.5,53.0,53.1,42.0
2022-01-07 02:00:00,59.3,48.3,62.9,71.2,61.8,64.3
2022-01-07 03:00:00,64.2,52.5,73.8,73.5,52.0,46.2
2022-01-07 17:00:00,52.7,60.0,60.0,65.8,68.1,66.2
2022-01-07 18:00:00,70.1,68.0,69.2,71.7,66.4,69.1
2022-01-07 19:00:00,75.1,74.7,74.7,72.0,65.2,68.4
2022-01-07 20:00:00,73.4,67.8,67.2,75.7,74.1,70.8
2022-01-07 21:00:00,59.7,53.2,62.1,76.5,75.8,76.1
2022-01-07 22:00:00,62.3,62.9,68.7,69.5,67.3,62.7
2022-01-07 23:00:00,62.5,58.6,63.5,85.0,63.8,61.2
2022-01-08 00:00:00,73.5,72.0,68.0,74.4,70.8,71.0
2022-01-08 01:00:00,71.0,71.8,57.1,61.8,52.2,45.9
2022-01-08 02:00:00,62.3,60.7,65.4,68.7,68.6,68.8
2022-01-08 03:00:00,51.8,46.0,60.2,66.2,57.8,42.9
2022-01-08 17:00:00,58.3,63.1,68.8,62.8,62.1,64.4
2022-01-08 18:00:00,71.0,72.6,71.0,79.4,72.8,71.0
2022-01-08 19:00:00,70.3,66.7,73.9,57.1,60.4,66.1
2022-01-08 20:00:00,73.1,71.3,71.6,76.6,73.3,73.8
2022-01-08 21:00:00,72.5,70.8,72.0,71.5,69.0,69.5
2022-01-08 22:00:00,66.7,63.5,63.3,71.0,68.6,68.9
2022-01-08 23:00:00,66.0,51.8,56.2,56.4,55.0,41.5
2022-01-10 00:00:00,68.5,69.1,65.8,73.8,68.4,
2022-01-10 01:00:00,79.2,77.4,66.3,69.4,66.0,
2022-01-10 02:00:00,57.0,67.1,75.2,77.5,74.3,
2022-01-10 03:00:00,62.2,66.0,65.8,57.0,62.5,
2022-01-10 17:00:00,56.2,56.5,64.3,68.0,76.0,
2022-01-10 18:00:00,69.8,71.2,62.2,62.8,61.4,
2022-01-10 19:00:00,72.3,69.6,70.8,71.8,66.6,
2022-01-10 20:00:00,67.2,65.1,71.8,74.6,68.7,
2022-01-10 21:00:00,64.5,73.3,71.0,75.3,76.6,
2022-01-10 22:00:00,67.5,67.3,66.3,68.4,67.6,
2022-01-10 23:00:00,70.9,72.9,77.6,61.4,68.4,
2022-01-11 00:00:00,,,71.7,78.1,75.5,76.8
2022-01-11 01:00:00,,,73.2,74.2,66.2,63.8
2022-01-11 02:00:00,,,67.3,69.9,65.2,69.9
2022-01-11 03:00:00,,,68.8,74.5,78.6,71.0
2022-01-11 17:00:00,,,61.7,68.4,65.3,61.5
2022-01-11 18:00:00,,,70.7,76.4,71.0,71.2
2022-01-11 19:00:00,,,68.8,72.8,67.1,70.3
2022-01-11 20:00:00,,,69.5,71.2,73.6,75.9
2022-01-11 21:00:00,,,71.1,78.5,76.8,78.6
2022-01-11 22:00:00,,,68.2,70.6,71.2,66.7
2022-01-11 23:00:00,,,60.8,66.8,65.6,60.4
2022-01-12 00:00:00,82.5,79.3,63.7,64.5,74.6,67.0
2022-01-12 01:00:00,82.2,69.2,62.1,59.4,65.0,55.4
2022-01-12 02:00:00,101.2,84.0,79.4,73.7,74.0,73.5
2022-01-12 03:00:00,70.2,57.8,55.5,58.9,63.7,49.0
2022-01-12 17:00:00,74.4,73.1,70.2,81.6,65.7,65.3
2022-01-12 18:00:00,74.8,69.1,77.9,82.5,66.4,67.2
2022-01-12 19:00:00,71.8,73.7,75.0,83.2,72.0,70.0
2022-01-12 20:00:00,72.4,68.9,72.5,71.7,65.8,65.9
2022-01-12 21:00:00,63.0,62.7,63.0,74.9,70.6,63.7
2022-01-12 22:00:00,73.6,72.0,70.6,81.3,67.6,60.6
2022-01-12 23:00:00,66.3,70.3,67.6,62.6,70.5,64.2
2022-02-03 00:00:00,70.9,64.3,61.8,84.0,68.1,69.3
2022-02-03 01:00:00,68.3,66.0,70.0,81.8,82.1,63.5
2022-02-03 02:00:00,73.0,68.9,64.0,64.1,61.8,56.4
2022-02-03 03:00:00,77.0,61.3,71.9,73.0,68.0,67.6
2022-02-03 17:00:00,62.2,66.0,71.7,82.9,69.2,66.1
2022-02-03 18:00:00,67.2,63.8,69.7,83.6,68.6,70.2
2022-02-03 19:00:00,73.1,70.4,72.8,74.5,59.4,62.9
2022-02-03 20:00:00,72.2,75.7,76.6,75.0,72.5,65.3
2022-02-03 21:00:00,70.0,74.1,71.0,60.7,65.1,72.5
2022-02-03 22:00:00,78.4,66.0,62.0,66.7,69.8,71.0
2022-02-03 23:00:00,71.7,72.0,71.4,71.8,71.7,72.2
2022-02-04 00:00:00,65.2,67.4,62.8,73.8,74.5,73.9
2022-02-04 01:00:00,70.6,74.3,63.6,69.5,65.3,63.7
2022-02-04 02:00:00,75.4,75.6,73.0,67.1,64.1,76.2
2022-02-04 03:00:00,61.7,64.0,67.6,93.7,71.7,65.1
2022-02-04 17:00:00,64.1,69.2,68.0,68.2,67.6,66.9
2022-02-04 18:00:00,74.5,66.7,64.5,71.2,73.7,69.8
2022-02-04 19:00:00,71.7,69.5,71.0,72.2,72.6,73.4
2022-02-04 20:00:00,67.4,72.3,70.8,70.6,85.4,69.8
2022-02-04 21:00:00,70.7,68.5,66.0,72.1,62.9,75.6
2022-02-04 22:00:00,68.2,68.1,75.0,77.4,68.3,52.5
2022-02-04 23:00:00,70.4,65.5,72.6,75.5,69.0,74.7
2022-02-05 00:00:00,70.9,57.1,57.8,59.4,55.2,45.9
2022-02-05 01:00:00,79.6,72.6,65.9,62.7,61.8,64.9
2022-02-05 02:00:00,69.6,51.1,59.5,57.4,53.0,55.3
2022-02-05 03:00:00,73.7,73.2,72.9,77.3,73.0,73.6
2022-02-05 17:00:00,69.5,71.3,65.2,69.2,64.5,67.6
2022-02-05 18:00:00,73.5,77.8,68.9,76.5,69.4,72.2
2022-02-05 19:00:00,73.6,72.3,68.0,65.2,65.3,64.7
2022-02-05 20:00:00,74.2,72.0,70.1,74.2,73.7,68.4
2022-02-05 21:00:00,65.8,72.5,61.9,79.8,64.2,65.9
2022-02-05 22:00:00,71.2,69.0,70.1,64.9,66.6,64.0
2022-02-05 23:00:00,69.3,70.8,70.3,72.3,74.6,84.4
2022-02-06 00:00:00,67.9,65.1,67.3,68.0,67.9,72.6
2022-02-06 01:00:00,57.8,55.0,60.7,51.3,63.6,67.2
2022-02-06 02:00:00,55.6,48.1,51.1,38.6,53.5,40.0
2022-02-06 03:00:00,51.4,48.4,48.0,55.1,38.5,35.8
2022-02-06 17:00:00,72.5,70.3,69.9,72.4,73.3,73.0
2022-02-06 18:00:00,79.2,73.2,71.3,65.9,65.6,63.1
2022-02-06 19:00:00,69.5,72.0,74.0,62.5,60.5,68.0
2022-02-06 20:00:00,70.8,69.4,69.8,74.3,73.1,71.2
2022-02-06 21:00:00,78.6,74.6,67.8,70.8,72.3,74.5
2022-02-06 22:00:00,64.2,65.8,69.7,67.1,60.5,62.2
2022-02-06 23:00:00,74.2,73.0,64.0,70.1,62.8,61.2
2022-02-07 00:00:00,62.5,57.9,63.1,71.8,70.9,73.3
2022-02-07 01:00:00,68.3,67.7,70.4,66.7,74.5,66.2
2022-02-07 02:00:00,76.8,62.0,69.8,60.9,62.2,61.1
2022-02-07 03:00:00,52.0,55.8,62.2,55.3,44.9,40.1
2022-02-07 17:00:00,64.4,56.7,62.9,68.5,63.4,64.1
2022-02-07 18:00:00,69.4,73.4,70.1,75.7,71.9,72.8
2022-02-07 19:00:00,76.5,76.4,77.9,72.2,58.6,60.9
2022-02-07 20:00:00,72.9,73.7,73.4,71.5,62.2,65.0
2022-02-07 21:00:00,71.3,70.3,68.2,68.2,67.1,67.3
2022-02-07 22:00:00,68.0,64.8,71.9,73.8,70.3,70.6
2022-02-07 23:00:00,66.8,63.8,65.2,71.7,67.9,71.2
2022-02-08 00:00:00,68.4,66.1,51.0,57.0,56.2,58.9
2022-02-08 01:00:00,64.7,48.2,52.6,73.2,57.8,46.0
2022-02-08 02:00:00,66.6,53.8,61.1,70.3,68.7,70.0
2022-02-08 03:00:00,53.0,48.6,46.2,36.3,36.1,37.1
2022-02-08 17:00:00,70.7,65.5,66.3,63.5,68.0,63.3
2022-02-08 18:00:00,64.5,69.1,69.6,73.1,73.1,68.4
2022-02-08 19:00:00,65.6,68.3,67.7,64.5,64.3,65.3
2022-02-08 20:00:00,64.5,66.1,71.4,74.6,69.2,73.7
2022-02-08 21:00:00,60.9,66.2,67.2,57.7,53.2,50.9
2022-02-08 22:00:00,73.3,68.2,70.4,70.1,66.8,67.7
2022-02-08 23:00:00,69.4,66.5,70.7,70.3,71.1,66.6
2022-02-10 00:00:00,76.5,63.5,80.2,69.8,58.5,
2022-02-10 01:00:00,75.5,71.2,70.2,70.3,69.8,
2022-02-10 02:00:00,57.0,58.6,54.7,78.0,82.5,
2022-02-10 03:00:00,75.3,74.3,77.8,61.8,61.6,
2022-02-10 17:00:00,64.7,66.6,66.8,68.2,66.3,
2022-02-10 18:00:00,63.4,56.7,62.0,66.9,70.1,
2022-02-10 19:00:00,66.5,66.7,66.6,71.9,68.1,
2022-02-10 20:00:00,68.9,71.5,66.7,76.4,70.7,
2022-02-10 21:00:00,80.5,72.8,69.7,72.2,69.4,
2022-02-10 22:00:00,66.0,68.0,72.0,68.5,66.1,
2022-02-10 23:00:00,61.7,64.1,58.9,68.4,63.8,
2022-02-11 00:00:00,,,57.4,77.9,66.0,68.5
2022-02-11 01:00:00,,,80.6,60.1,56.3,50.3
2022-02-11 02:00:00,,,69.4,57.6,55.6,58.8
2022-02-11 03:00:00,,,49.6,72.0,58.6,48.1
2022-02-11 17:00:00,76.7,77.2,74.8,78.8,70.0,58.4
2022-02-11 18:00:00,67.9,75.4,62.8,65.5,68.7,66.9
2022-02-11 19:00:00,71.1,69.4,63.8,67.0,64.1,66.1
2022-02-11 20:00:00,68.3,79.4,74.0,84.0,69.7,63.3
2022-02-11 21:00:00,72.4,66.6,64.5,65.5,63.1,64.6
2022-02-11 22:00:00,63.9,67.7,62.6,74.2,71.6,73.8
2022-02-11 23:00:00,76.7,72.8,76.9,79.9,78.9,70.7
2022-02-12 00:00:00,67.2,62.9,64.8,74.0,70.4,59.8
2022-02-12 01:00:00,72.7,68.8,69.2,57.9,72.1,74.1
2022-02-12 02:00:00,77.1,69.5,66.8,64.3,60.1,61.8
2022-02-12 03:00:00,74.3,70.8,71.5,76.7,60.4,63.8
2022-02-12 17:00:00,80.6,73.5,71.8,79.1,67.0,64.3
2022-02-12 18:00:00,74.8,74.1,68.1,76.8,74.6,76.4
2022-02-12 19:00:00,61.6,58.5,67.7,78.5,69.9,65.3
2022-02-12 20:00:00,93.1,70.5,64.5,76.1,74.8,62.1
2022-02-12 21:00:00,75.8,73.1,73.1,71.8,73.2,76.9
2022-02-12 22:00:00,61.6,67.2,63.5,71.1,69.6,73.8
2022-02-12 23:00:00,78.7,77.7,83.9,75.6,73.5,74.2
2022-03-03 00:00:00,70.1,63.9,66.3,67.8,67.7,65.8
2022-03-03 01:00:00,84.1,66.2,64.4,72.9,57.9,60.3
2022-03-03 02:00:00,70.1,67.7,64.4,63.0,63.9,69.2
2022-03-03 03:00:00,73.4,65.6,73.4,55.6,57.8,44.9
2022-03-03 17:00:00,74.1,71.9,67.4,80.7,66.6,64.8
2022-03-03 18:00:00,73.7,71.9,71.2,76.8,73.0,81.5
2022-03-03 19:00:00,74.5,67.1,63.5,64.7,58.2,70.2
2022-03-03 20:00:00,78.8,64.6,60.9,65.4,63.4,66.8
2022-03-03 21:00:00,74.6,72.4,67.7,71.5,69.3,72.6
2022-03-03 22:00:00,69.2,68.3,63.7,80.4,69.2,66.0
2022-03-03 23:00:00,77.8,70.2,60.2,69.3,64.1,59.8
2022-03-04 00:00:00,67.5,67.6,68.8,73.0,74.5,70.5
2022-03-04 01:00:00,65.1,62.6,56.6,61.8,67.4,73.0
2022-03-04 02:00:00,66.5,52.2,60.4,38.2,39.6,43.2
2022-03-04 03:00:00,53.8,56.6,67.8,67.2,64.1,67.6
2022-03-04 17:00:00,58.3,58.3,62.7,70.5,65.0,71.6
2022-03-04 18:00:00,67.0,61.2,61.9,69.0,72.2,60.9
2022-03-04 19:00:00,73.9,69.8,76.4,71.0,65.5,63.5
2022-03-04 20:00:00,72.2,68.7,68.9,72.0,68.0,68.1
2022-03-04 21:00:00,77.7,67.2,67.0,76.2,67.9,47.3
2022-03-04 22:00:00,63.5,65.3,56.1,70.5,66.2,59.2
2022-03-04 23:00:00,63.6,51.1,54.6,68.7,63.7,64.0
2022-03-05 00:00:00,74.8,64.2,63.7,53.5,57.2,62.2
2022-03-05 01:00:00,74.6,54.7,59.2,66.9,63.3,62.2
2022-03-05 02:00:00,74.7,61.4,65.2,67.7,65.8,67.1
2022-03-05 03:00:00,74.5,56.4,56.5,61.7,61.7,60.8
2022-03-05 17:00:00,67.1,61.5,79.5,71.4,70.9,69.3
2022-03-05 18:00:00,65.0,69.0,65.5,71.3,69.7,70.6
2022-03-05 19:00:00,64.5,72.9,74.9,76.6,76.1,79.8
2022-03-05 20:00:00,69.1,70.8,71.5,73.3,66.7,66.5
2022-03-05 21:00:00,62.8,65.4,67.0,77.4,64.6,64.8
2022-03-05 22:00:00,72.3,72.5,73.7,73.3,70.1,74.5
2022-03-05 23:00:00,66.1,58.6,65.8,73.5,66.9,66.2
2022-03-06 00:00:00,58.2,75.0,60.3,62.8,75.8,65.6
2022-03-06 01:00:00,55.0,54.8,63.4,68.1,65.5,67.2
2022-03-06 02:00:00,59.6,51.7,62.7,63.9,62.5,61.1
2022-03-06 03:00:00,55.3,47.4,54.7,44.9,56.3,70.7
2022-03-06 17:00:00,71.0,75.0,73.5,75.1,72.0,64.0
2022-03-06 18:00:00,68.8,71.7,70.8,69.3,64.6,65.7
2022-03-06 19:00:00,68.8,70.2,70.7,81.0,71.7,70.9
2022-03-06 20:00:00,72.9,73.4,71.0,75.1,70.1,70.4
2022-03-06 21:00:00,66.7,61.2,61.8,70.4,67.7,67.8
2022-03-06 22:00:00,65.2,62.1,71.0,75.0,71.9,74.0
2022-03-06 23:00:00,70.1,70.1,71.1,74.0,66.0,63.6
2022-03-07 00:00:00,56.8,54.5,66.1,63.2,61.9,64.1
2022-03-07 01:00:00,64.8,61.3,61.0,63.9,62.1,61.5
2022-03-07 02:00:00,57.8,63.6,59.9,64.3,63.0,53.4
2022-03-07 03:00:00,52.1,53.7,56.9,81.9,57.8,64.5
2022-03-07 17:00:00,69.9,68.0,65.7,62.8,73.9,67.4
2022-03-07 18:00:00,58.9,67.5,63.8,66.9,63.3,58.6
2022-03-07 19:00:00,67.1,68.7,70.5,73.5,73.4,73.7
2022-03-07 20:00:00,64.1,56.6,61.4,71.7,61.0,61.0
2022-03-07 21:00:00,76.8,76.0,71.1,73.5,65.5,54.1
2022-03-07 22:00:00,64.2,64.6,64.1,62.7,60.5,64.6
2022-03-07 23:00:00,72.0,73.3,74.9,74.4,65.6,64.5
2022-03-08 00:00:00,59.9,58.1,52.2,62.7,57.5,65.9
2022-03-08 01:00:00,70.8,63.1,69.7,68.2,64.3,64.2
2022-03-08 02:00:00,68.9,54.1,52.8,61.1,60.9,68.2
2022-03-08 03:00:00,76.7,74.7,74.0,77.3,76.5,76.0
2022-03-08 17:00:00,75.4,62.5,61.5,73.3,63.0,67.8
2022-03-08 18:00:00,78.5,73.9,74.0,77.1,72.2,74.1
2022-03-08 19:00:00,61.7,59.9,65.0,67.2,63.5,62.0
2022-03-08 20:00:00,71.8,61.6,64.5,64.8,61.4,64.3
2022-03-08 21:00:00,67.2,67.5,63.8,69.4,69.6,70.4
2022-03-08 22:00:00,63.6,60.0,64.1,59.3,56.2,64.0
2022-03-08 23:00:00,65.5,62.5,68.4,73.3,64.7,63.2
2022-03-10 00:00:00,72.1,62.5,66.1,57.5,57.4,
2022-03-10 01:00:00,65.1,49.5,52.6,53.5,53.0,
2022-03-10 02:00:00,73.7,55.5,50.7,47.7,54.1,
2022-03-10 03:00:00,56.5,49.5,63.7,57.8,57.3,
2022-03-10 17:00:00,66.2,68.5,71.5,67.1,67.8,
2022-03-10 18:00:00,69.8,75.6,75.6,72.7,72.2,
2022-03-10 19:00:00,64.2,66.0,69.2,66.8,66.7,
2022-03-10 20:00:00,69.2,72.7,72.2,74.4,77.0,
2022-03-10 21:00:00,62.2,64.1,60.2,66.2,62.2,
2022-03-10 22:00:00,69.4,67.5,61.8,66.5,58.8,
2022-03-10 23:00:00,64.4,61.8,64.6,65.0,64.8,
2022-03-11 00:00:00,70.5,76.0,66.6,70.0,54.8,60.0
2022-03-11 01:00:00,71.0,62.8,81.8,67.3,73.4,82.3
2022-03-11 02:00:00,87.8,72.0,62.6,61.9,61.7,59.7
2022-03-11 03:00:00,76.9,60.3,48.7,69.3,59.9,52.4
2022-03-11 17:00:00,73.4,72.2,75.3,69.3,69.9,76.1
2022-03-11 18:00:00,64.7,70.2,69.0,70.3,74.0,77.1
2022-03-11 19:00:00,68.2,66.8,76.5,75.0,73.7,74.6
2022-03-11 20:00:00,69.6,65.2,74.4,63.3,64.5,62.4
2022-03-11 21:00:00,71.5,67.1,68.4,76.2,66.7,59.7
2022-03-11 22:00:00,66.3,69.8,67.1,68.2,66.6,69.4
2022-03-11 23:00:00,72.6,67.1,66.5,74.7,63.9,65.1
2022-03-12 00:00:00,63.2,71.1,67.9,66.2,71.9,65.6
2022-03-12 01:00:00,73.5,71.3,73.2,67.8,73.1,69.9
2022-03-12 02:00:00,84.2,67.7,69.8,58.3,68.5,47.3
2022-03-12 03:00:00,71.9,62.5,55.6,64.1,52.1,38.9
2022-03-12 17:00:00,72.7,69.5,62.7,72.2,61.7,65.5
2022-03-12 18:00:00,69.3,78.0,69.3,70.9,66.8,69.8
2022-03-12 19:00:00,62.0,66.5,72.5,69.4,60.5,60.8
2022-03-12 20:00:00,67.1,69.1,73.4,68.0,66.0,71.8
2022-03-12 21:00:00,71.7,69.4,68.5,76.8,72.6,72.8
2022-03-12 22:00:00,58.3,67.4,62.5,82.2,57.8,69.6
2022-03-12 23:00:00,72.1,68.9,70.4,66.4,65.2,65.7
2022-04-03 00:00:00,70.9,60.0,71.4,68.9,64.0,70.1
2022-04-03 01:00:00,83.9,72.5,71.2,82.8,76.9,68.8
2022-04-03 02:00:00,67.6,60.9,71.7,60.0,63.6,46.3
2022-04-03 03:00:00,71.6,78.3,66.5,71.2,64.9,66.3
2022-04-03 17:00:00,68.5,71.3,70.5,89.0,68.5,64.7
2022-04-03 18:00:00,62.9,74.5,72.8,82.7,65.1,67.5
2022-04-03 19:00:00,75.6,70.8,75.0,71.2,73.3,76.2
2022-04-03 20:00:00,73.5,71.0,69.2,71.1,72.4,72.1
2022-04-03 21:00:00,65.2,73.6,75.5,74.7,68.5,68.5
2022-04-03 22:00:00,65.5,67.1,68.9,74.3,73.8,74.3
2022-04-03 23:00:00,61.0,50.3,54.8,59.7,58.7,50.3
2022-04-04 00:00:00,66.6,67.5,65.4,77.7,78.4,76.5
2022-04-04 01:00:00,58.8,47.1,47.9,50.7,38.5,32.5
2022-04-04 02:00:00,51.1,47.4,51.4,47.6,38.9,48.6
2022-04-04 03:00:00,50.6,47.4,53.0,65.7,56.7,54.8
2022-04-04 17:00:00,58.9,68.8,69.1,86.7,68.2,71.7
2022-04-04 18:00:00,66.2,71.6,69.4,71.6,67.9,79.0
2022-04-04 19:00:00,70.8,65.1,72.1,68.7,67.8,68.3
2022-04-04 20:00:00,70.8,70.0,70.5,71.1,71.2,72.8
2022-04-04 21:00:00,69.1,60.5,67.2,76.8,74.6,76.8
2022-04-04 22:00:00,81.3,77.9,69.8,77.9,74.3,74.5
2022-04-04 23:00:00,52.7,61.4,52.7,58.1,70.0,64.0
2022-04-05 00:00:00,69.7,64.8,58.2,83.5,71.1,60.9
2022-04-05 01:00:00,67.4,69.8,65.4,64.6,65.3,66.3
2022-04-05 02:00:00,73.4,68.6,67.6,73.0,69.3,68.4
2022-04-05 03:00:00,72.5,73.8,60.3,69.5,67.8,68.1
2022-04-05 17:00:00,67.0,74.4,70.0,72.4,69.9,76.1
2022-04-05 18:00:00,66.0,67.0,65.0,74.6,65.9,62.9
2022-04-05 19:00:00,71.0,71.2,69.8,71.4,71.3,71.4
2022-04-05 20:00:00,75.2,72.6,73.3,73.6,60.3,68.9
2022-04-05 21:00:00,72.4,71.7,59.4,83.5,73.7,67.2
2022-04-05 22:00:00,59.0,60.9,63.9,70.2,61.3,68.7
2022-04-05 23:00:00,70.8,68.8,65.9,70.9,67.2,62.0
2022-04-06 00:00:00,69.7,67.5,59.7,67.3,60.7,59.6
2022-04-06 01:00:00,68.9,53.8,64.7,61.4,57.3,44.0
2022-04-06 02:00:00,68.4,64.5,61.1,65.5,64.4,66.0
2022-04-06 03:00:00,52.6,46.2,54.4,48.3,40.1,39.5
2022-04-06 17:00:00,60.6,60.2,62.7,74.7,72.0,68.2
2022-04-06 18:00:00,59.5,69.6,72.8,70.9,63.4,65.3
2022-04-06 19:00:00,90.5,82.4,85.5,80.0,72.2,77.4
2022-04-06 20:00:00,66.5,64.5,60.8,60.8,60.7,61.4
2022-04-06 21:00:00,68.8,66.9,67.3,73.8,71.6,74.5
2022-04-06 22:00:00,66.0,73.4,56.1,69.0,69.2,74.6
2022-04-06 23:00:00,66.3,73.0,74.8,76.2,72.7,73.9
2022-04-07 00:00:00,67.5,64.3,61.5,71.7,73.3,56.9
2022-04-07 01:00:00,58.3,44.8,62.6,67.7,64.7,56.7
2022-04-07 02:00:00,53.1,60.5,60.5,60.9,50.4,53.0
2022-04-07 03:00:00,60.5,47.4,59.8,57.5,51.2,38.3
2022-04-07 17:00:00,58.1,69.8,69.5,73.6,72.6,74.8
2022-04-07 18:00:00,55.5,59.3,70.2,71.9,72.8,73.9
2022-04-07 19:00:00,61.5,63.5,70.3,72.2,66.6,66.3
2022-04-07 20:00:00,53.1,66.8,63.2,75.8,66.1,63.3
2022-04-07 21:00:00,60.2,64.5,66.7,66.2,63.0,58.0
2022-04-07 22:00:00,68.0,72.0,75.5,79.4,78.0,78.5
2022-04-07 23:00:00,55.4,48.2,58.5,62.9,56.8,60.7
2022-04-08 00:00:00,63.5,55.9,54.8,64.6,63.1,63.1
2022-04-08 01:00:00,55.7,46.5,60.7,68.4,64.3,65.3
2022-04-08 02:00:00,55.2,57.7,63.0,68.2,57.3,45.1
2022-04-08 03:00:00,51.5,65.7,51.3,67.3,56.9,41.6
2022-04-08 17:00:00,76.7,70.3,71.0,64.8,64.5,66.0
2022-04-08 18:00:00,70.0,71.9,69.4,62.2,64.6,65.8
2022-04-08 19:00:00,64.9,65.8,66.0,71.9,64.3,64.8
2022-04-08 20:00:00,69.6,66.6,67.4,69.2,68.8,73.7
2022-04-08 21:00:00,73.6,73.3,67.7,65.7,53.5,61.4
2022-04-08 22:00:00,65.1,60.0,65.1,59.3,62.5,69.2
2022-04-08 23:00:00,62.7,53.9,52.7,68.9,67.3,69.4
2022-04-10 00:00:00,71.8,63.5,61.6,65.5,59.9,
2022-04-10 01:00:00,72.3,74.2,73.0,60.7,54.0,
2022-04-10 02:00:00,87.3,68.2,66.4,71.6,62.3,
2022-04-10 03:00:00,71.3,58.3,58.0,56.7,66.2,
2022-04-10 17:00:00,72.4,72.5,76.7,78.0,74.3,
2022-04-10 18:00:00,68.4,72.1,74.1,74.3,72.7,
2022-04-10 19:00:00,68.1,69.2,68.2,60.0,64.7,
2022-04-10 20:00:00,68.6,68.2,66.3,78.5,76.0,
2022-04-10 21:00:00,62.4,61.6,66.5,68.6,57.2,
2022-04-10 22:00:00,70.8,69.0,70.8,71.8,68.1,
2022-04-10 23:00:00,71.6,70.1,72.2,76.1,72.3,
2022-04-11 00:00:00,72.3,67.2,77.2,77.6,74.1,87.0
2022-04-11 01:00:00,82.8,75.9,71.5,67.2,59.3,70.9
2022-04-11 02:00:00,81.5,71.8,61.8,63.4,61.8,59.3
2022-04-11 03:00:00,81.2,64.9,68.2,69.1,66.2,63.3
2022-04-11 17:00:00,58.2,67.0,70.6,75.0,86.3,68.0
2022-04-11 18:00:00,70.5,72.6,65.6,79.0,68.7,71.4
2022-04-11 19:00:00,62.6,65.8,64.2,74.2,70.9,73.3
2022-04-11 20:00:00,71.8,74.5,71.9,74.5,74.3,73.3
2022-04-11 21:00:00,59.9,69.0,69.2,67.8,67.1,66.1
2022-04-11 22:00:00,65.9,64.8,63.5,69.8,68.8,65.2
2022-04-11 23:00:00,72.2,73.1,65.3,70.3,67.2,67.2
2022-04-12 00:00:00,66.5,67.2,64.2,84.5,75.5,62.1
2022-04-12 01:00:00,73.1,72.8,61.9,59.9,58.4,45.9
2022-04-12 02:00:00,50.5,49.3,63.8,60.3,65.7,48.3
2022-04-12 03:00:00,65.8,67.9,53.4,50.9,62.3,63.7
2022-04-12 17:00:00,73.9,72.2,63.4,69.0,63.0,59.6
2022-04-12 18:00:00,70.3,69.8,70.4,68.7,67.5,70.9
2022-04-12 19:00:00,73.1,74.8,72.1,75.2,72.3,73.2
2022-04-12 20:00:00,68.7,71.6,65.4,71.2,70.6,67.9
2022-04-12 21:00:00,73.1,66.8,70.0,68.0,64.4,63.5
2022-04-12 22:00:00,68.6,72.6,66.5,75.1,71.8,72.9
2022-04-12 23:00:00,71.6,69.8,67.3,69.6,69.3,64.1
2022-05-03 00:00:00,67.1,66.7,64.4,73.3,67.8,62.2
2022-05-03 01:00:00,77.4,67.1,59.0,65.5,61.5,56.4
2022-05-03 02:00:00,70.9,66.4,64.3,87.8,70.1,67.3
2022-05-03 03:00:00,65.8,56.8,51.0,41.4,54.7,38.7
2022-05-03 17:00:00,69.0,72.5,62.2,64.0,60.2,58.6
2022-05-03 18:00:00,72.7,71.8,64.7,74.1,68.5,68.2
2022-05-03 19:00:00,67.9,72.4,64.9,72.6,66.3,65.4
2022-05-03 20:00:00,66.9,62.0,57.2,65.3,55.2,63.8
2022-05-03 21:00:00,65.4,68.9,72.2,74.8,63.6,63.6
2022-05-03 22:00:00,49.8,48.5,57.1,73.7,65.6,62.7
2022-05-03 23:00:00,65.0,58.9,65.8,64.0,71.4,64.6
2022-05-04 00:00:00,56.6,61.2,56.9,52.7,55.5,56.1
2022-05-04 01:00:00,61.8,57.5,55.8,69.9,55.8,48.9
2022-05-04 02:00:00,51.6,52.7,50.4,44.7,49.1,45.8
2022-05-04 03:00:00,53.7,49.6,50.5,59.7,53.3,43.4
2022-05-04 17:00:00,73.9,67.4,70.4,69.3,61.9,59.4
2022-05-04 18:00:00,58.2,72.2,64.9,77.2,76.4,72.2
2022-05-04 19:00:00,69.8,59.4,63.3,68.4,69.9,73.4
2022-05-04 20:00:00,77.0,67.9,59.7,65.0,62.2,62.7
2022-05-04 21:00:00,65.8,60.8,66.2,63.5,61.4,69.7
2022-05-04 22:00:00,69.5,63.7,64.7,71.2,66.7,65.8
2022-05-04 23:00:00,59.8,59.8,68.9,68.6,63.1,72.0
2022-05-05 00:00:00,75.1,58.2,63.4,74.0,66.0,71.2
2022-05-05 01:00:00,83.9,72.1,63.2,76.5,73.2,61.7
2022-05-05 02:00:00,76.5,60.0,60.3,73.1,62.7,57.6
2022-05-05 03:00:00,90.6,64.0,70.0,59.8,55.7,48.7
2022-05-05 17:00:00,74.4,66.5,73.4,69.1,61.2,62.3
2022-05-05 18:00:00,65.9,67.2,66.3,70.1,71.5,73.8
2022-05-05 19:00:00,74.7,75.0,69.5,65.1,64.0,65.9
2022-05-05 20:00:00,69.4,72.5,67.7,66.3,62.8,63.4
2022-05-05 21:00:00,63.4,66.1,60.5,69.2,59.5,64.3
2022-05-05 22:00:00,66.0,70.8,66.6,72.9,66.2,65.8
2022-05-05 23:00:00,66.8,66.7,71.0,72.8,71.1,60.9
2022-05-06 00:00:00,61.0,73.5,68.9,66.9,65.5,65.6
2022-05-06 01:00:00,73.1,78.9,60.5,62.5,57.3,63.4
2022-05-06 02:00:00,69.4,57.4,52.4,69.3,66.5,68.7
2022-05-06 03:00:00,53.8,63.6,57.3,42.7,46.5,51.5
2022-05-06 17:00:00,73.1,67.3,66.2,72.8,72.3,72.5
2022-05-06 18:00:00,71.7,72.3,70.3,69.8,66.7,66.8
2022-05-06 19:00:00,69.1,69.8,62.0,62.6,62.6,64.9
2022-05-06 20:00:00,60.4,73.0,74.5,74.8,70.9,72.7
2022-05-06 21:00:00,68.6,67.9,65.8,72.2,68.6,69.8
2022-05-06 22:00:00,71.0,73.6,69.6,60.7,69.8,71.1
2022-05-06 23:00:00,69.4,67.5,72.8,72.5,70.5,69.5
2022-05-07 00:00:00,51.7,46.0,56.4,53.4,54.0,54.2
2022-05-07 01:00:00,54.8,59.5,54.3,68.8,52.0,40.5
2022-05-07 02:00:00,51.4,46.0,52.1,59.8,44.7,42.2
2022-05-07 03:00:00,60.8,64.9,55.1,47.5,43.8,34.2
2022-05-07 17:00:00,65.9,68.3,57.3,71.0,60.2,60.2
2022-05-07 18:00:00,66.8,68.9,70.5,71.0,71.8,70.6
2022-05-07 19:00:00,90.9,67.8,63.9,75.3,70.6,55.7
2022-05-07 20:00:00,68.1,62.8,72.2,75.6,71.6,70.0
2022-05-07 21:00:00,63.9,68.5,74.6,75.8,75.8,75.8
2022-05-07 22:00:00,59.3,70.0,67.9,69.6,67.1,68.7
2022-05-07 23:00:00,55.6,54.8,68.0,63.6,63.5,62.3
2022-05-08 00:00:00,72.8,57.5,51.9,62.9,59.5,58.3
2022-05-08 01:00:00,78.3,76.3,72.9,64.3,61.9,62.3
2022-05-08 02:00:00,67.2,52.1,66.9,40.0,42.3,51.2
2022-05-08 03:00:00,60.6,60.4,69.0,76.9,71.5,77.3
2022-05-08 17:00:00,68.3,69.2,70.5,65.6,62.2,70.0
2022-05-08 18:00:00,67.9,68.0,65.7,70.5,79.6,69.8
2022-05-08 19:00:00,64.9,68.1,71.3,75.4,72.3,74.3
2022-05-08 20:00:00,59.7,61.5,68.4,70.4,69.4,71.4
2022-05-08 21:00:00,69.5,66.2,56.4,60.0,70.0,72.8
2022-05-08 22:00:00,73.6,71.9,64.9,65.5,75.0,71.4
2022-05-08 23:00:00,73.1,68.1,66.3,71.5,68.1,68.7
2022-05-10 00:00:00,80.3,74.6,67.0,65.4,63.3,
2022-05-10 01:00:00,87.3,77.3,66.9,65.8,64.0,
2022-05-10 02:00:00,69.2,59.3,60.8,71.8,60.4,
2022-05-10 03:00:00,78.3,63.3,61.0,68.1,69.4,
2022-05-10 17:00:00,65.2,64.2,69.2,65.4,74.4,
2022-05-10 18:00:00,71.4,69.0,69.9,69.8,65.6,
2022-05-10 19:00:00,73.2,68.8,70.0,70.9,62.8,
2022-05-10 20:00:00,69.2,69.8,68.3,65.5,63.1,
2022-05-10 21:00:00,62.4,61.8,70.0,60.5,72.9,
2022-05-10 22:00:00,61.8,67.5,70.8,76.0,72.5,
2022-05-10 23:00:00,66.3,66.4,62.0,66.8,64.6,
2022-05-11 00:00:00,78.6,74.1,66.2,68.3,64.9,68.0
2022-05-11 01:00:00,74.1,70.9,70.3,72.3,68.2,70.2
2022-05-11 02:00:00,67.7,63.9,69.0,69.8,67.4,67.1
2022-05-11 03:00:00,70.4,54.4,59.2,74.4,53.5,51.1
2022-05-11 17:00:00,67.4,63.0,62.1,71.4,68.4,61.0
2022-05-11 18:00:00,68.8,72.8,70.7,76.7,83.6,68.9
2022-05-11 19:00:00,76.9,75.0,73.2,64.3,63.0,71.5
2022-05-11 20:00:00,74.7,56.9,68.0,64.6,67.9,66.9
2022-05-11 21:00:00,62.7,71.7,69.7,59.0,67.2,57.1
2022-05-11 22:00:00,71.2,70.1,67.4,67.5,71.1,74.0
2022-05-11 23:00:00,70.2,70.4,58.5,86.6,67.1,62.6
2022-05-12 00:00:00,54.8,55.5,64.1,57.9,53.8,46.4
2022-05-12 01:00:00,56.2,49.9,49.3,53.5,56.8,51.4
2022-05-12 02:00:00,50.8,47.2,50.6,54.0,54.2,60.6
2022-05-12 03:00:00,52.8,46.7,49.3,53.7,58.3,49.4
2022-05-12 17:00:00,67.5,62.3,66.8,71.6,70.8,71.5
2022-05-12 18:00:00,68.9,73.6,69.7,67.9,71.2,68.5
2022-05-12 19:00:00,74.6,70.5,66.7,73.5,68.4,68.6
2022-05-12 20:00:00,62.7,60.8,71.0,66.2,63.0,63.7
2022-05-12 21:00:00,75.7,69.0,69.1,71.3,71.1,62.7
2022-05-12 22:00:00,69.5,72.1,67.7,70.6,70.0,74.0
2022-05-12 23:00:00,72.9,66.1,61.2,66.4,75.1,67.4
2022-06-03 00:00:00,56.1,56.6,67.6,69.0,64.2,65.2
2022-06-03 01:00:00,58.9,62.3,64.5,52.8,56.1,45.0
2022-06-03 02:00:00,67.1,62.4,59.7,65.2,64.9,71.2
2022-06-03 03:00:00,55.9,53.4,52.6,52.8,54.1,38.7
2022-06-03 17:00:00,72.8,71.3,70.7,74.8,72.9,73.6
2022-06-03 18:00:00,69.5,67.8,61.9,72.0,67.3,64.7
2022-06-03 19:00:00,67.9,71.7,63.8,69.6,66.0,65.2
2022-06-03 20:00:00,69.7,65.2,65.5,67.4,68.1,64.2
2022-06-03 21:00:00,67.1,68.1,68.3,88.4,70.7,67.1
2022-06-03 22:00:00,71.2,82.8,83.2,78.7,82.3,83.2
2022-06-03 23:00:00,70.8,59.3,69.7,74.7,71.7,72.6
2022-06-04 00:00:00,68.3,69.7,61.5,69.7,69.0,69.5
2022-06-04 01:00:00,59.9,52.8,51.1,52.1,54.9,46.0
2022-06-04 02:00:00,68.3,52.1,67.3,44.1,39.7,36.2
2022-06-04 03:00:00,51.7,57.7,46.4,40.0,39.8,37.3
2022-06-04 17:00:00,74.2,69.5,67.6,67.6,63.6,67.5
2022-06-04 18:00:00,71.9,69.1,65.2,72.2,72.6,75.6
2022-06-04 19:00:00,69.4,65.2,70.3,74.0,71.6,72.4
2022-06-04 20:00:00,74.6,71.3,68.8,70.8,67.0,65.9
2022-06-04 21:00:00,70.4,69.0,69.4,72.7,65.6,67.1
2022-06-04 22:00:00,61.5,63.3,63.5,71.0,62.0,61.8
2022-06-04 23:00:00,55.3,59.3,52.0,67.8,66.1,68.7
2022-06-05 00:00:00,71.2,77.7,70.3,78.5,71.2,64.9
2022-06-05 01:00:00,77.5,78.0,65.8,67.5,84.3,73.4
2022-06-05 02:00:00,98.4,94.0,79.0,63.2,61.2,49.1
2022-06-05 03:00:00,71.0,67.7,59.0,81.6,73.0,76.4
2022-06-05 17:00:00,80.2,78.6,69.0,69.6,67.3,68.9
2022-06-05 18:00:00,73.4,70.2,62.4,69.1,65.7,66.9
2022-06-05 19:00:00,74.6,74.0,71.5,72.0,69.9,67.0
2022-06-05 20:00:00,73.0,65.4,69.4,84.6,77.9,66.8
2022-06-05 21:00:00,63.4,57.9,68.7,56.3,60.4,57.5
2022-06-05 22:00:00,71.3,68.7,65.0,74.2,61.7,65.8
2022-06-05 23:00:00,63.2,64.1,65.9,61.3,60.5,64.7
2022-06-06 00:00:00,63.3,59.7,67.6,68.6,63.8,65.6
2022-06-06 01:00:00,51.1,56.8,52.2,53.0,66.5,79.3
2022-06-06 02:00:00,53.5,59.7,55.4,37.3,38.6,46.4
2022-06-06 03:00:00,50.6,46.5,54.1,51.0,46.2,45.1
2022-06-06 17:00:00,66.8,66.2,70.4,73.8,73.9,74.8
2022-06-06 18:00:00,72.9,75.4,68.6,69.4,71.0,70.0
2022-06-06 19:00:00,77.9,74.3,71.7,71.5,70.5,63.6
2022-06-06 20:00:00,73.1,74.0,74.0,73.1,68.8,64.6
2022-06-06 21:00:00,56.6,62.8,68.4,68.2,67.7,68.4
2022-06-06 22:00:00,58.0,58.1,75.8,78.2,76.9,77.7
2022-06-06 23:00:00,53.4,63.2,67.7,68.2,71.3,71.9
2022-06-07 00:00:00,57.9,64.0,57.9,64.3,51.9,48.9
2022-06-07 01:00:00,62.0,61.8,55.2,47.1,62.1,41.3
2022-06-07 02:00:00,57.2,61.8,72.9,53.6,50.7,36.2
2022-06-07 03:00:00,50.6,47.7,52.5,63.6,59.3,60.3
2022-06-07 17:00:00,70.8,75.2,69.6,76.6,70.7,73.3
2022-06-07 18:00:00,64.8,66.7,66.4,63.9,64.5,63.0
2022-06-07 19:00:00,66.5,62.5,69.7,67.1,71.8,60.1
2022-06-07 20:00:00,68.1,64.8,67.8,70.5,71.6,71.5
2022-06-07 21:00:00,68.5,66.9,70.2,72.5,72.0,73.3
2022-06-07 22:00:00,57.5,72.5,61.2,60.7,58.8,61.2
2022-06-07 23:00:00,63.7,56.5,61.2,66.3,63.1,63.2
2022-06-08 00:00:00,68.3,67.4,72.5,74.7,72.4,72.4
2022-06-08 01:00:00,71.2,70.0,76.0,73.3,71.3,69.3
2022-06-08 02:00:00,67.6,58.6,56.5,71.3,66.6,57.7
2022-06-08 03:00:00,53.1,47.7,54.4,44.1,41.0,55.5
2022-06-08 17:00:00,63.8,66.7,63.4,73.2,66.4,65.3
2022-06-08 18:00:00,72.7,68.5,70.5,79.9,69.8,64.4
2022-06-08 19:00:00,80.3,70.5,71.8,73.2,74.0,70.8
2022-06-08 20:00:00,70.0,70.5,71.6,74.1,69.2,65.8
2022-06-08 21:00:00,61.3,68.5,55.3,72.9,60.6,63.0
2022-06-08 22:00:00,61.5,61.4,62.1,68.7,67.9,69.4
2022-06-08 23:00:00,74.3,68.7,75.2,70.7,72.5,80.5
2022-06-10 00:00:00,68.7,70.5,65.2,71.0,69.2,
2022-06-10 01:00:00,77.0,69.8,80.1,64.4,63.9,
2022-06-10 02:00:00,83.2,70.0,65.7,69.3,64.7,
2022-06-10 03:00:00,75.4,62.6,68.7,70.5,69.8,
2022-06-10 17:00:00,71.3,72.9,78.2,71.3,69.1,
2022-06-10 18:00:00,74.5,71.1,73.1,77.4,70.6,
2022-06-10 19:00:00,70.7,62.0,74.7,57.6,59.7,
2022-06-10 20:00:00,70.7,71.6,67.0,79.1,71.7,
2022-06-10 21:00:00,63.2,66.5,71.0,77.9,75.7,
2022-06-10 22:00:00,74.2,71.8,68.1,68.2,63.1,
2022-06-10 23:00:00,73.4,69.0,67.1,83.6,68.6,
2022-06-11 00:00:00,62.8,66.3,77.1,73.5,68.9,62.6
2022-06-11 01:00:00,73.4,72.2,66.7,46.7,55.4,56.4
2022-06-11 02:00:00,75.2,58.3,55.7,68.2,65.8,69.2
2022-06-11 03:00:00,71.8,60.2,60.5,46.1,54.6,50.6
2022-06-11 17:00:00,72.5,71.1,68.6,75.8,73.0,72.3
2022-06-11 18:00:00,72.3,72.9,65.2,68.3,63.9,64.9
2022-06-11 19:00:00,55.7,57.5,66.4,68.2,65.9,72.7
2022-06-11 20:00:00,66.8,65.5,67.9,65.4,62.5,64.8
2022-06-11 21:00:00,68.9,67.1,69.9,71.6,71.5,68.3
2022-06-11 22:00:00,75.4,70.5,69.0,74.5,66.4,70.5
2022-06-11 23:00:00,67.7,64.3,70.3,74.8,72.8,66.7
2022-06-12 00:00:00,70.6,60.8,62.4,55.6,57.6,53.0
2022-06-12 01:00:00,72.8,58.1,57.4,66.4,67.7,75.7
2022-06-12 02:00:00,65.7,48.8,58.8,36.8,37.7,42.0
2022-06-12 03:00:00,54.5,50.0,56.2,48.4,53.2,46.8
2022-06-12 17:00:00,74.7,69.7,67.8,71.5,60.3,59.3
2022-06-12 18:00:00,69.1,67.2,64.3,72.7,65.0,64.8
2022-06-12 19:00:00,68.0,68.9,69.8,70.8,65.3,65.4
2022-06-12 20:00:00,73.3,72.3,71.3,67.7,63.8,63.2
2022-06-12 21:00:00,72.3,57.8,58.7,66.0,69.9,63.2
2022-06-12 22:00:00,72.9,63.7,64.7,66.4,65.6,66.0
2022-06-12 23:00:00,60.1,61.6,62.9,62.1,59.0,47.7
2022-07-03 00:00:00,64.4,63.0,53.9,56.1,56.5,43.3
2022-07-03 01:00:00,69.8,64.2,51.8,53.1,54.5,36.6
2022-07-03 02:00:00,69.8,55.3,54.3,63.2,60.6,46.4
2022-07-03 03:00:00,59.4,49.9,61.0,58.8,68.5,57.5
2022-07-03 17:00:00,69.1,65.6,68.8,71.8,72.6,73.6
2022-07-03 18:00:00,72.8,72.5,70.4,70.6,61.6,64.4
2022-07-03 19:00:00,62.5,61.6,61.7,69.8,62.5,65.6
2022-07-03 20:00:00,70.6,67.0,72.7,71.5,66.0,68.8
2022-07-03 21:00:00,59.1,67.8,62.3,68.5,63.8,61.0
2022-07-03 22:00:00,62.1,60.8,71.5,61.8,62.1,62.7
2022-07-03 23:00:00,70.5,68.2,65.1,69.8,67.7,68.8
2022-07-04 00:00:00,58.2,56.2,56.6,54.0,59.9,71.1
2022-07-04 01:00:00,52.6,68.4,51.0,52.1,56.0,43.8
2022-07-04 02:00:00,67.2,66.9,63.7,52.2,54.8,46.5
2022-07-04 03:00:00,52.0,54.2,51.1,52.6,54.0,45.2
2022-07-04 17:00:00,63.3,75.7,69.3,68.6,64.1,60.0
2022-07-04 18:00:00,73.0,74.8,66.8,69.7,69.7,68.5
2022-07-04 19:00:00,74.9,72.0,68.1,70.9,63.4,62.6
2022-07-04 20:00:00,66.3,61.9,59.8,71.6,64.6,65.5
2022-07-04 21:00:00,64.5,58.7,67.9,63.5,68.4,70.3
2022-07-04 22:00:00,65.8,67.9,67.0,72.1,66.2,64.4
2022-07-04 23:00:00,61.6,53.6,66.3,71.9,70.3,71.7
2022-07-05 00:00:00,84.2,76.2,69.8,78.6,66.0,66.4
2022-07-05 01:00:00,79.8,63.0,66.3,77.6,64.0,65.6
2022-07-05 02:00:00,75.7,63.7,59.9,68.1,63.2,42.9
2022-07-05 03:00:00,75.2,67.8,71.9,62.1,62.3,62.2
2022-07-05 17:00:00,63.5,63.0,68.5,71.5,70.0,65.4
2022-07-05 18:00:00,70.9,66.6,69.6,66.6,69.8,67.4
2022-07-05 19:00:00,73.5,73.0,70.0,73.7,69.9,71.5
2022-07-05 20:00:00,77.2,62.0,62.2,68.3,63.3,66.1
2022-07-05 21:00:00,68.7,74.5,63.0,68.8,63.3,51.6
2022-07-05 22:00:00,71.6,68.8,68.2,70.2,61.6,61.5
2022-07-05 23:00:00,73.8,63.3,69.5,61.1,59.7,63.7
2022-07-06 00:00:00,69.4,70.4,69.6,53.0,52.6,39.7
2022-07-06 01:00:00,53.3,52.7,53.3,58.6,56.8,45.4
2022-07-06 02:00:00,65.7,49.0,52.5,38.9,51.4,49.1
2022-07-06 03:00:00,52.0,48.2,53.3,51.5,49.9,37.3
2022-07-06 17:00:00,64.0,67.8,76.6,77.1,72.8,78.8
2022-07-06 18:00:00,63.9,70.8,68.7,73.4,81.8,71.8
2022-07-06 19:00:00,67.5,64.1,72.7,72.4,66.4,67.4
2022-07-06 20:00:00,69.0,68.6,68.3,78.9,72.8,74.6
2022-07-06 21:00:00,68.1,66.9,65.8,70.1,67.9,69.4
2022-07-06 22:00:00,57.0,59.5,60.2,63.0,61.9,58.9
2022-07-06 23:00:00,67.6,56.0,61.3,56.1,60.2,56.2
2022-07-07 00:00:00,58.5,49.7,58.1,67.6,61.8,60.1
2022-07-07 01:00:00,71.9,70.2,70.2,60.1,56.7,60.4
2022-07-07 02:00:00,60.0,72.4,61.2,52.4,42.4,45.6
2022-07-07 03:00:00,50.7,46.7,49.1,66.0,62.6,63.9
2022-07-07 17:00:00,67.2,69.6,65.1,72.0,71.4,64.5
2022-07-07 18:00:00,60.7,62.3,68.5,75.0,69.3,69.0
2022-07-07 19:00:00,77.1,73.0,79.6,73.6,66.9,65.7
2022-07-07 20:00:00,73.5,68.8,74.3,65.2,60.4,71.9
2022-07-07 21:00:00,72.1,65.7,70.4,70.9,71.3,61.3
2022-07-07 22:00:00,61.8,71.4,73.6,74.9,67.1,65.8
2022-07-07 23:00:00,65.7,61.1,65.1,74.7,69.6,53.0
2022-07-08 00:00:00,77.6,71.4,70.3,68.0,66.8,53.7
2022-07-08 01:00:00,61.3,69.9,65.4,64.8,61.5,64.2
2022-07-08 02:00:00,77.7,78.6,78.6,79.7,71.5,70.0
2022-07-08 03:00:00,60.4,49.6,50.5,53.6,58.8,45.2
2022-07-08 17:00:00,68.8,83.8,95.7,97.5,97.6,80.5
2022-07-08 18:00:00,72.3,62.6,67.0,71.0,69.6,69.7
2022-07-08 19:00:00,70.7,58.0,66.5,65.6,60.3,67.2
2022-07-08 20:00:00,72.6,65.2,71.3,76.0,72.8,76.0
2022-07-08 21:00:00,68.6,64.3,71.8,76.5,73.7,73.5
2022-07-08 22:00:00,59.3,61.3,61.7,70.5,67.0,69.1
2022-07-08 23:00:00,58.3,47.3,47.5,55.9,60.8,73.6
2022-07-10 00:00:00,70.2,72.0,76.3,70.4,67.5,
2022-07-10 01:00:00,78.1,79.0,67.1,76.0,87.1,
2022-07-10 02:00:00,76.8,71.1,73.7,70.2,63.3,
2022-07-10 03:00:00,77.7,65.0,79.8,68.4,58.2,
2022-07-10 17:00:00,81.7,64.8,72.5,71.6,72.6,
2022-07-10 18:00:00,72.0,69.6,69.9,72.3,69.5,
2022-07-10 19:00:00,75.0,72.7,71.3,74.7,71.2,
2022-07-10 20:00:00,68.9,70.0,72.1,63.6,62.2,
2022-07-10 21:00:00,71.5,71.4,70.3,72.6,71.4,
2022-07-10 22:00:00,71.7,63.6,59.6,70.1,70.5,
2022-07-10 23:00:00,65.2,67.6,63.5,77.5,64.6,
2022-07-11 00:00:00,73.6,69.1,66.7,53.7,51.2,52.6
2022-07-11 01:00:00,55.6,47.8,50.6,50.5,41.7,38.9
2022-07-11 02:00:00,48.8,60.7,62.1,66.4,64.3,64.3
2022-07-11 03:00:00,61.9,64.9,84.4,54.0,64.3,60.6
2022-07-11 17:00:00,64.8,66.3,73.2,75.1,71.2,69.1
2022-07-11 18:00:00,71.7,71.9,74.5,75.6,70.8,73.8
2022-07-11 19:00:00,71.8,72.3,68.2,71.4,61.0,61.4
2022-07-11 20:00:00,79.4,74.9,71.3,65.2,67.5,76.1
2022-07-11 21:00:00,60.7,59.3,63.4,64.1,64.0,61.9
2022-07-11 22:00:00,76.0,66.2,65.5,66.5,60.5,59.6
2022-07-11 23:00:00,67.8,63.7,62.7,58.1,62.2,58.0
2022-07-12 00:00:00,68.0,72.5,90.1,79.0,70.3,67.1
2022-07-12 01:00:00,75.4,57.2,68.9,70.7,65.3,64.9
2022-07-12 02:00:00,60.3,54.3,67.0,56.0,59.3,46.9
2022-07-12 03:00:00,65.3,61.6,72.2,56.3,51.3,36.9
2022-07-12 17:00:00,67.1,63.8,63.8,74.7,72.9,74.4
2022-07-12 18:00:00,68.5,63.8,66.8,75.6,70.2,71.3
2022-07-12 19:00:00,74.5,77.0,72.3,69.7,67.1,62.6
2022-07-12 20:00:00,72.1,71.4,70.2,72.5,69.6,69.8
2022-07-12 21:00:00,76.7,70.1,69.0,71.3,68.9,73.3
2022-07-12 22:00:00,68.8,66.4,68.8,76.0,70.9,69.7
2022-07-12 23:00:00,74.0,65.4,67.1,66.8,61.5,52.1
2022-08-03 00:00:00,70.9,68.0,62.7,74.0,71.9,76.0
2022-08-03 01:00:00,74.3,59.8,62.5,78.4,75.0,66.5
2022-08-03 02:00:00,77.6,65.7,64.2,63.3,53.7,61.2
2022-08-03 03:00:00,73.8,66.2,62.7,52.4,55.2,46.8
2022-08-03 17:00:00,64.2,64.1,69.6,77.3,73.2,76.2
2022-08-03 18:00:00,74.0,70.4,71.6,72.3,75.2,69.8
2022-08-03 19:00:00,70.0,71.9,75.5,74.3,75.8,72.7
2022-08-03 20:00:00,60.5,71.4,66.9,69.5,69.5,70.8
2022-08-03 21:00:00,62.5,65.0,69.0,70.7,62.8,64.8
2022-08-03 22:00:00,77.5,72.2,67.9,65.9,69.0,64.7
2022-08-03 23:00:00,68.0,55.7,59.9,68.1,69.6,67.3
2022-08-04 00:00:00,70.8,69.2,60.2,59.5,58.0,51.4
2022-08-04 01:00:00,71.1,75.7,65.5,70.7,64.0,54.0
2022-08-04 02:00:00,62.2,48.7,58.0,49.8,44.5,48.5
2022-08-04 03:00:00,52.3,51.7,62.5,66.5,54.3,41.9
2022-08-04 17:00:00,70.4,71.9,57.2,73.2,62.6,63.1
2022-08-04 18:00:00,71.5,72.9,71.2,77.5,74.4,73.8
2022-08-04 19:00:00,73.8,73.8,64.6,70.1,69.3,73.8
2022-08-04 20:00:00,73.2,70.7,66.7,72.5,78.0,65.6
2022-08-04 21:00:00,73.9,68.0,65.0,67.5,66.6,48.5
2022-08-04 22:00:00,71.6,67.8,64.2,69.9,65.4,72.0
2022-08-04 23:00:00,70.0,62.0,59.5,70.3,65.3,69.6
2022-08-05 00:00:00,79.5,79.2,76.9,74.7,67.9,67.5
2022-08-05 01:00:00,64.7,71.6,67.0,60.3,66.5,52.5
2022-08-05 02:00:00,58.4,71.5,57.8,71.0,64.9,53.2
2022-08-05 03:00:00,75.3,66.5,55.7,45.2,51.0,36.8
2022-08-05 17:00:00,63.2,63.1,69.3,70.2,68.7,76.3
2022-08-05 18:00:00,69.5,70.6,69.1,72.9,66.4,64.2
2022-08-05 19:00:00,77.8,75.3,68.5,73.6,67.6,69.4
2022-08-05 20:00:00,68.8,62.8,67.2,68.6,63.2,64.8
2022-08-05 21:00:00,71.2,69.9,73.1,70.5,68.4,64.7
2022-08-05 22:00:00,65.5,66.8,70.2,74.4,69.9,62.4
2022-08-05 23:00:00,75.5,75.3,60.9,65.5,68.2,58.3
2022-08-06 00:00:00,75.1,59.1,70.3,73.9,69.5,70.3
2022-08-06 01:00:00,73.7,71.7,69.5,63.9,54.8,47.6
2022-08-06 02:00:00,50.9,47.0,52.2,72.0,67.5,69.0
2022-08-06 03:00:00,51.0,47.0,47.1,36.8,40.3,35.1
2022-08-06 17:00:00,78.4,72.2,70.8,74.8,66.3,72.9
2022-08-06 18:00:00,80.5,83.1,74.0,74.1,69.8,73.3
2022-08-06 19:00:00,71.2,70.0,63.1,70.1,65.2,70.2
2022-08-06 20:00:00,67.5,73.1,69.3,72.3,72.0,73.8
2022-08-06 21:00:00,75.0,72.7,74.6,75.0,70.4,76.3
2022-08-06 22:00:00,60.7,60.7,65.1,66.2,67.8,66.1
2022-08-06 23:00:00,71.2,73.0,71.0,74.3,72.9,73.0
2022-08-07 00:00:00,60.2,63.8,68.7,76.2,75.6,78.5
2022-08-07 01:00:00,58.7,53.3,59.9,73.2,69.9,76.7
2022-08-07 02:00:00,65.4,52.4,48.7,56.1,62.4,63.5
2022-08-07 03:00:00,52.5,50.4,69.7,50.3,40.2,34.4
2022-08-07 17:00:00,60.3,64.6,61.2,71.3,62.3,61.9
2022-08-07 18:00:00,69.2,54.8,57.7,70.8,69.5,64.5
2022-08-07 19:00:00,67.4,61.6,66.2,73.2,60.7,63.0
2022-08-07 20:00:00,74.7,65.3,63.1,64.2,59.8,61.6
2022-08-07 21:00:00,64.8,60.9,72.8,71.3,64.3,64.5
2022-08-07 22:00:00,64.7,63.3,69.9,71.2,66.9,68.4
2022-08-07 23:00:00,68.0,65.0,60.7,65.3,62.8,64.7
2022-08-08 00:00:00,54.8,53.0,61.2,60.1,61.0,55.0
2022-08-08 01:00:00,50.4,47.6,61.6,64.8,73.0,78.8
2022-08-08 02:00:00,50.1,51.2,51.7,34.6,33.8,40.2
2022-08-08 03:00:00,51.0,48.0,46.2,40.0,36.8,31.4
2022-08-08 17:00:00,66.3,65.5,65.4,73.7,70.9,71.7
2022-08-08 18:00:00,59.4,73.9,72.2,71.7,74.5,74.6
2022-08-08 19:00:00,69.7,65.8,71.2,67.2,66.0,68.0
2022-08-08 20:00:00,72.0,69.2,65.8,72.1,66.2,73.8
2022-08-08 21:00:00,68.4,64.5,59.9,64.6,65.2,63.8
2022-08-08 22:00:00,66.7,74.3,68.8,62.9,65.9,56.8
2022-08-08 23:00:00,57.9,55.8,53.6,62.8,51.4,53.8
2022-08-10 00:00:00,73.5,75.0,72.8,73.2,71.1,
2022-08-10 01:00:00,70.2,65.1,64.7,76.9,67.7,
2022-08-10 02:00:00,65.2,63.1,68.2,55.1,59.4,
2022-08-10 03:00:00,65.1,67.2,63.3,69.4,66.4,
2022-08-10 17:00:00,70.9,76.1,76.3,76.9,76.6,
2022-08-10 18:00:00,76.9,65.6,65.8,77.7,69.7,
2022-08-10 19:00:00,76.2,73.3,70.1,71.5,71.2,
2022-08-10 20:00:00,70.4,66.8,63.2,70.9,72.4,
2022-08-10 21:00:00,57.4,67.6,53.6,66.1,64.2,
2022-08-10 22:00:00,63.2,74.1,68.0,71.3,69.4,
2022-08-10 23:00:00,64.8,66.0,62.4,68.4,66.1,
2022-08-11 00:00:00,72.5,73.7,69.7,67.9,65.1,65.6
2022-08-11 01:00:00,66.5,64.2,62.0,53.0,53.7,55.5
2022-08-11 02:00:00,77.0,79.9,71.0,59.1,73.3,58.2
2022-08-11 03:00:00,85.7,61.0,65.3,57.5,53.7,53.6
2022-08-11 17:00:00,73.8,62.3,67.1,67.0,65.3,64.9
2022-08-11 18:00:00,66.9,65.8,69.3,70.2,70.7,73.0
2022-08-11 19:00:00,63.3,70.5,71.6,75.7,70.4,71.6
2022-08-11 20:00:00,70.1,73.2,77.2,71.4,83.5,69.0
2022-08-11 21:00:00,66.6,68.8,60.0,66.1,65.5,68.0
2022-08-11 22:00:00,71.4,70.0,72.5,76.0,74.6,73.2
2022-08-11 23:00:00,65.7,63.8,64.7,77.3,73.6,65.2
2022-08-12 00:00:00,70.4,65.0,59.9,52.8,47.0,52.4
2022-08-12 01:00:00,66.7,58.9,53.6,68.6,64.8,65.2
2022-08-12 02:00:00,72.0,61.1,51.2,67.4,65.1,65.9
2022-08-12 03:00:00,65.2,58.7,62.6,49.8,54.5,49.6
2022-08-12 17:00:00,62.7,62.6,68.7,64.8,65.3,66.3
2022-08-12 18:00:00,68.2,64.5,68.4,72.7,64.0,69.6
2022-08-12 19:00:00,74.5,67.5,69.6,64.3,65.5,64.6
2022-08-12 20:00:00,65.5,61.3,62.9,66.4,64.0,62.7
2022-08-12 21:00:00,60.5,63.3,64.4,69.2,65.3,67.5
2022-08-12 22:00:00,73.1,72.0,63.5,64.2,60.2,56.6
2022-08-12 23:00:00,65.4,64.9,67.6,57.5,68.6,60.1
2022-09-03 00:00:00,78.2,66.7,70.2,69.5,66.7,67.5
2022-09-03 01:00:00,76.2,56.1,67.1,61.7,57.3,71.0
2022-09-03 02:00:00,75.1,59.7,58.0,59.5,60.0,47.8
2022-09-03 03:00:00,72.8,70.1,79.8,53.8,57.2,63.2
2022-09-03 17:00:00,70.1,66.7,66.0,64.8,63.5,64.7
2022-09-03 18:00:00,67.7,70.2,71.3,75.2,72.2,73.8
2022-09-03 19:00:00,73.1,73.0,85.7,70.6,64.6,67.7
2022-09-03 20:00:00,73.8,73.7,71.1,73.8,71.3,72.8
2022-09-03 21:00:00,69.2,68.8,67.1,86.9,63.4,64.3
2022-09-03 22:00:00,72.8,64.3,65.5,73.5,67.6,66.8
2022-09-03 23:00:00,71.5,70.2,66.0,68.9,63.0,68.4
2022-09-04 00:00:00,77.0,65.9,69.8,65.2,67.7,78.2
2022-09-04 01:00:00,69.8,54.8,56.6,54.5,55.0,42.2
2022-09-04 02:00:00,54.6,52.4,70.0,73.7,75.5,65.4
2022-09-04 03:00:00,54.8,54.4,57.4,68.3,61.5,69.2
2022-09-04 17:00:00,74.7,72.1,75.6,73.6,71.5,67.8
2022-09-04 18:00:00,67.5,66.2,65.5,71.3,72.9,75.7
2022-09-04 19:00:00,73.6,62.5,69.1,73.1,64.4,63.6
2022-09-04 20:00:00,65.4,64.5,63.2,69.6,67.3,70.6
2022-09-04 21:00:00,72.4,69.0,77.7,81.3,81.2,83.5
2022-09-04 22:00:00,56.1,49.6,62.1,69.3,62.6,61.7
2022-09-04 23:00:00,56.3,65.6,65.1,71.3,65.1,56.3
2022-09-05 00:00:00,66.4,53.4,62.3,66.8,65.0,66.8
2022-09-05 01:00:00,77.0,55.3,59.6,52.5,45.5,34.8
2022-09-05 02:00:00,65.2,57.8,58.5,55.2,54.8,47.6
2022-09-05 03:00:00,59.5,50.1,56.5,38.3,37.4,32.7
2022-09-05 17:00:00,70.0,69.8,69.3,72.6,72.9,71.8
2022-09-05 18:00:00,77.6,68.2,62.3,68.3,66.4,70.8
2022-09-05 19:00:00,72.0,72.7,70.5,75.6,72.7,73.9
2022-09-05 20:00:00,73.9,69.6,70.9,74.3,65.3,66.6
2022-09-05 21:00:00,75.0,71.1,76.0,61.3,61.0,66.4
2022-09-05 22:00:00,71.8,69.6,68.4,77.9,67.1,60.1
2022-09-05 23:00:00,73.7,65.1,60.4,69.6,62.8,59.1
2022-09-06 00:00:00,63.6,73.6,70.5,70.8,71.9,65.6
2022-09-06 01:00:00,56.4,59.8,62.0,67.8,66.8,65.7
2022-09-06 02:00:00,56.2,50.8,52.2,63.1,65.1,50.7
2022-09-06 03:00:00,61.2,65.7,57.5,53.8,42.3,34.5
2022-09-06 17:00:00,67.5,64.8,66.3,71.3,71.7,71.4
2022-09-06 18:00:00,71.0,74.3,72.2,68.7,64.4,67.5
2022-09-06 19:00:00,69.6,65.9,70.9,70.5,60.2,59.2
2022-09-06 20:00:00,68.3,69.6,65.9,74.5,65.7,65.8
2022-09-06 21:00:00,68.9,65.5,75.4,75.3,76.2,76.0
2022-09-06 22:00:00,67.8,74.0,71.0,66.4,64.2,64.5
2022-09-06 23:00:00,66.3,69.1,76.9,72.6,65.2,66.4
2022-09-07 00:00:00,69.7,69.8,62.5,64.9,66.8,65.8
2022-09-07 01:00:00,68.5,56.5,66.2,71.6,70.0,64.8
2022-09-07 02:00:00,75.0,65.2,71.3,62.1,59.1,60.7
2022-09-07 03:00:00,67.4,64.2,66.6,81.7,59.1,61.5
2022-09-07 17:00:00,67.6,68.7,84.6,71.5,63.1,60.9
2022-09-07 18:00:00,76.4,76.0,71.4,79.2,71.3,74.1
2022-09-07 19:00:00,75.0,71.1,70.0,82.9,72.3,75.0
2022-09-07 20:00:00,71.3,72.2,70.9,74.3,70.4,70.4
2022-09-07 21:00:00,60.5,65.7,78.8,77.8,67.6,64.4
2022-09-07 22:00:00,72.0,69.6,69.1,61.2,72.0,72.2
2022-09-07 23:00:00,72.2,73.8,70.7,75.2,66.9,65.6
2022-09-08 00:00:00,59.5,71.8,61.6,53.5,55.2,51.2
2022-09-08 01:00:00,51.1,45.8,51.7,36.2,48.9,33.2
2022-09-08 02:00:00,50.9,49.5,52.0,49.9,44.6,42.2
2022-09-08 03:00:00,51.0,47.3,50.4,41.3,44.4,32.2
2022-09-08 17:00:00,67.5,64.0,68.0,69.9,73.1,68.8
2022-09-08 18:00:00,55.5,62.5,63.9,67.9,69.2,64.5
2022-09-08 19:00:00,77.3,69.3,69.9,74.6,68.7,55.8
2022-09-08 20:00:00,61.9,60.7,60.5,71.6,67.7,74.0
2022-09-08 21:00:00,60.4,56.5,70.0,66.3,62.2,61.9
2022-09-08 22:00:00,70.9,59.6,61.7,86.0,60.1,60.9
2022-09-08 23:00:00,62.9,61.8,63.8,77.0,69.5,57.8
2022-09-10 00:00:00,70.1,68.0,65.2,72.4,70.6,
2022-09-10 01:00:00,70.4,52.4,64.4,58.5,65.4,
2022-09-10 02:00:00,64.2,49.7,57.7,66.5,69.3,
2022-09-10 03:00:00,73.1,59.7,51.4,61.5,45.2,
2022-09-10 17:00:00,79.7,81.3,69.0,69.5,64.7,
2022-09-10 18:00:00,67.0,70.1,68.8,75.8,71.2,
2022-09-10 19:00:00,72.4,72.6,70.2,73.2,71.1,
2022-09-10 20:00:00,58.7,74.0,66.3,71.3,65.5,
2022-09-10 21:00:00,76.0,77.5,74.3,73.5,70.3,
2022-09-10 22:00:00,67.4,63.1,70.3,74.2,72.0,
2022-09-10 23:00:00,57.5,63.5,64.8,66.5,62.7,
2022-09-11 00:00:00,72.2,64.0,62.3,66.4,64.0,55.3
2022-09-11 01:00:00,76.2,61.5,67.0,72.6,62.9,70.3
2022-09-11 02:00:00,79.5,59.9,58.1,54.6,64.8,58.6
2022-09-11 03:00:00,68.0,59.9,60.3,79.7,72.3,67.8
2022-09-11 17:00:00,63.6,70.3,69.7,69.2,69.2,72.0
2022-09-11 18:00:00,67.2,72.4,70.0,73.6,70.1,66.8
2022-09-11 19:00:00,72.4,70.7,63.3,67.7,62.9,66.0
2022-09-11 20:00:00,70.7,68.0,74.5,74.4,73.1,71.9
2022-09-11 21:00:00,78.6,78.9,76.8,80.1,65.2,66.7
2022-09-11 22:00:00,69.3,67.5,70.4,80.9,73.3,80.4
2022-09-11 23:00:00,73.7,69.5,65.7,71.5,70.3,74.7
2022-09-12 00:00:00,78.5,74.7,61.1,68.9,63.4,59.3
2022-09-12 01:00:00,69.8,58.5,65.0,74.6,78.3,80.4
2022-09-12 02:00:00,83.7,63.6,67.4,68.4,61.3,64.0
2022-09-12 03:00:00,73.1,64.8,51.2,58.9,66.4,68.4
2022-09-12 17:00:00,70.5,67.5,64.2,67.8,65.1,69.0
2022-09-12 18:00:00,73.3,71.7,67.0,83.7,63.9,65.7
2022-09-12 19:00:00,66.7,63.1,70.3,81.6,64.3,63.2
2022-09-12 20:00:00,71.6,66.0,66.6,83.4,68.4,72.2
2022-09-12 21:00:00,65.3,67.0,68.5,74.4,69.9,68.2
2022-09-12 22:00:00,67.0,58.4,75.7,79.9,76.1,78.0
2022-09-12 23:00:00,72.0,77.6,76.9,79.7,75.9,77.1
2022-10-03 00:00:00,78.1,68.3,72.7,73.2,72.9,75.5
2022-10-03 01:00:00,75.5,74.3,65.4,66.0,69.8,75.4
2022-10-03 02:00:00,84.0,73.4,73.5,71.2,62.3,59.3
2022-10-03 03:00:00,74.2,64.3,63.3,87.8,67.2,54.8
2022-10-03 17:00:00,62.9,65.8,66.5,72.9,70.6,71.4
2022-10-03 18:00:00,75.0,72.8,71.3,77.2,72.7,69.1
2022-10-03 19:00:00,75.6,78.9,72.5,70.1,72.7,72.2
2022-10-03 20:00:00,63.9,69.1,63.4,81.8,66.5,61.9
2022-10-03 21:00:00,71.9,58.2,61.9,73.9,71.3,73.4
2022-10-03 22:00:00,63.7,68.5,77.3,80.5,68.9,66.6
2022-10-03 23:00:00,67.1,71.5,68.2,82.0,62.2,60.6
2022-10-04 00:00:00,75.8,74.2,65.0,71.1,66.9,78.1
2022-10-04 01:00:00,61.8,62.5,59.6,55.8,56.4,54.5
2022-10-04 02:00:00,51.7,64.4,58.9,66.0,57.8,69.7
2022-10-04 03:00:00,64.5,51.1,66.4,52.5,45.6,61.9
2022-10-04 17:00:00,58.0,67.4,60.3,74.8,72.5,72.7
2022-10-04 18:00:00,65.4,64.2,67.2,69.1,72.6,74.8
2022-10-04 19:00:00,56.4,64.4,68.2,72.5,70.8,70.6
2022-10-04 20:00:00,63.6,58.7,74.0,80.8,65.5,74.9
2022-10-04 21:00:00,70.9,71.2,68.7,70.0,68.1,58.4
2022-10-04 22:00:00,66.5,62.0,62.0,70.8,66.7,69.2
2022-10-04 23:00:00,62.9,59.1,61.0,61.0,68.2,68.1
2022-10-05 00:00:00,70.1,62.5,57.2,58.0,54.6,57.2
2022-10-05 01:00:00,76.2,74.8,71.3,73.5,65.3,72.3
2022-10-05 02:00:00,72.0,58.5,48.5,56.4,58.9,44.8
2022-10-05 03:00:00,76.9,66.0,55.2,45.4,59.5,66.4
2022-10-05 17:00:00,65.1,65.5,69.4,75.9,72.3,63.9
2022-10-05 18:00:00,68.9,70.6,69.8,71.6,71.2,76.5
2022-10-05 19:00:00,60.2,61.7,70.7,74.7,75.4,79.3
2022-10-05 20:00:00,77.4,72.6,63.9,66.6,69.7,69.2
2022-10-05 21:00:00,73.6,75.0,65.6,62.4,71.8,57.3
2022-10-05 22:00:00,71.1,67.5,70.9,74.0,68.3,68.6
2022-10-05 23:00:00,72.5,71.3,60.7,65.5,69.5,66.4
2022-10-06 00:00:00,59.5,62.1,74.0,61.0,59.7,55.6
2022-10-06 01:00:00,62.2,46.9,51.8,39.6,52.1,51.5
2022-10-06 02:00:00,60.8,45.6,52.3,40.6,51.2,34.4
2022-10-06 03:00:00,52.2,47.1,60.0,42.3,59.2,47.4
2022-10-06 17:00:00,77.2,65.6,65.0,70.2,63.0,62.8
2022-10-06 18:00:00,65.7,63.2,66.2,70.4,64.2,68.4
2022-10-06 19:00:00,64.4,73.7,75.6,67.3,65.4,69.7
2022-10-06 20:00:00,64.2,64.1,69.4,77.2,74.8,76.7
2022-10-06 21:00:00,73.7,67.8,59.1,81.8,69.4,68.8
2022-10-06 22:00:00,71.1,69.6,72.5,76.1,72.6,73.7
2022-10-06 23:00:00,58.9,59.5,62.7,65.6,62.6,66.1
2022-10-07 00:00:00,57.2,56.5,65.1,65.2,72.3,50.7
2022-10-07 01:00:00,71.5,64.1,64.1,51.0,51.0,60.4
2022-10-07 02:00:00,67.6,53.0,47.2,42.3,51.9,45.9
2022-10-07 03:00:00,51.8,54.3,66.7,73.2,69.8,58.7
2022-10-07 17:00:00,65.3,65.1,72.0,67.7,64.3,65.8
2022-10-07 18:00:00,59.2,61.3,66.5,74.2,67.7,70.1
2022-10-07 19:00:00,72.6,69.3,70.0,72.6,65.4,62.7
2022-10-07 20:00:00,61.9,60.2,72.3,74.9,72.2,72.8
2022-10-07 21:00:00,56.0,55.5,67.9,59.8,65.6,67.3
2022-10-07 22:00:00,72.3,71.9,66.6,70.5,69.5,72.4
2022-10-07 23:00:00,65.3,67.1,59.9,64.2,58.1,58.3
2022-10-08 00:00:00,57.2,59.8,54.8,56.0,68.9,63.6
2022-10-08 01:00:00,56.4,58.1,51.9,53.0,37.2,38.2
2022-10-08 02:00:00,51.2,45.8,60.6,53.1,40.8,42.7
2022-10-08 03:00:00,52.0,58.1,49.8,38.8,36.8,41.4
2022-10-08 17:00:00,69.8,66.1,74.5,73.1,66.2,58.4
2022-10-08 18:00:00,71.6,69.7,69.1,73.3,70.5,73.8
2022-10-08 19:00:00,68.3,70.6,68.5,71.3,74.6,71.6
2022-10-08 20:00:00,65.8,64.3,63.3,65.0,63.2,67.8
2022-10-08 21:00:00,52.9,60.0,70.6,64.9,64.0,63.0
2022-10-08 22:00:00,53.6,50.8,62.8,76.0,76.0,76.2
2022-10-08 23:00:00,69.2,75.4,72.4,72.0,57.8,46.9
2022-10-10 00:00:00,76.8,75.7,74.5,73.5,90.4,
2022-10-10 01:00:00,78.5,65.6,68.6,69.7,70.5,
2022-10-10 02:00:00,74.3,61.5,67.9,67.8,64.2,
2022-10-10 03:00:00,72.9,57.2,50.4,53.7,53.5,
2022-10-10 17:00:00,71.8,70.0,70.2,75.4,77.2,
2022-10-10 18:00:00,65.4,69.1,80.8,73.0,69.1,
2022-10-10 19:00:00,63.8,62.2,65.5,76.3,71.5,
2022-10-10 20:00:00,72.2,66.8,68.4,74.2,70.2,
2022-10-10 21:00:00,66.6,65.5,67.5,69.0,68.1,
2022-10-10 22:00:00,65.4,72.6,69.6,76.1,68.7,
2022-10-10 23:00:00,72.7,68.8,75.9,67.0,69.6,
2022-10-11 00:00:00,78.1,70.3,64.3,76.6,75.6,74.0
2022-10-11 01:00:00,83.1,88.8,73.7,77.4,59.9,54.5
2022-10-11 02:00:00,78.0,70.5,72.2,81.2,52.7,51.0
2022-10-11 03:00:00,77.9,61.2,60.4,48.7,39.5,44.2
2022-10-11 17:00:00,,,70.2,70.7,74.5,78.5
2022-10-11 18:00:00,,,74.8,84.7,78.1,69.2
2022-10-11 19:00:00,,,60.5,82.7,66.1,64.1
2022-10-11 20:00:00,,,64.4,81.2,65.4,65.6
2022-10-11 21:00:00,,,68.3,70.6,65.7,66.6
2022-10-11 22:00:00,,,72.7,70.9,70.6,67.1
2022-10-11 23:00:00,,,74.7,71.8,66.1,61.8
2022-10-12 00:00:00,74.7,83.4,84.4,62.3,63.1,64.5
2022-10-12 01:00:00,78.2,67.0,69.5,69.6,67.6,66.5
2022-10-12 02:00:00,74.3,57.6,62.4,47.8,61.8,63.9
2022-10-12 03:00:00,76.1,66.7,64.6,60.4,72.9,64.9
2022-10-12 17:00:00,59.9,56.4,65.8,76.2,64.0,66.9
2022-10-12 18:00:00,69.8,76.0,71.0,87.7,69.3,65.6
2022-10-12 19:00:00,69.6,70.5,67.8,79.2,62.0,64.1
2022-10-12 20:00:00,70.0,59.8,69.4,84.9,66.8,77.2
2022-10-12 21:00:00,79.1,75.2,67.5,73.7,69.5,70.5
2022-10-12 22:00:00,61.4,67.2,60.6,76.5,66.4,57.8
2022-10-12 23:00:00,69.2,69.3,67.0,83.5,66.3,64.6
2022-11-03 00:00:00,66.0,73.8,73.6,67.7,72.7,75.7
2022-11-03 01:00:00,94.5,71.1,64.7,70.7,66.0,63.8
2022-11-03 02:00:00,81.2,70.5,65.5,57.2,60.9,48.7
2022-11-03 03:00:00,74.6,73.6,75.2,67.7,67.3,53.0
2022-11-03 17:00:00,68.1,65.0,71.6,71.2,72.0,69.4
2022-11-03 18:00:00,74.8,69.9,71.8,73.6,71.2,73.2
2022-11-03 19:00:00,70.0,68.9,68.8,69.7,71.8,68.9
2022-11-03 20:00:00,72.3,70.9,71.1,79.5,69.5,70.7
2022-11-03 21:00:00,55.0,70.1,69.9,71.2,76.7,79.0
2022-11-03 22:00:00,64.3,58.1,58.6,67.2,63.8,62.1
2022-11-03 23:00:00,71.9,67.1,70.9,68.5,75.2,76.7
2022-11-04 00:00:00,70.8,70.1,69.4,71.5,69.0,71.2
2022-11-04 01:00:00,50.8,48.2,52.7,45.2,52.3,67.6
2022-11-04 02:00:00,55.0,46.9,52.5,39.6,40.9,41.0
2022-11-04 03:00:00,59.1,47.3,46.2,36.1,53.8,37.8
2022-11-04 17:00:00,65.2,68.4,63.7,71.5,78.3,67.3
2022-11-04 18:00:00,73.0,72.7,73.2,75.9,74.1,73.9
2022-11-04 19:00:00,70.2,69.4,72.1,75.7,72.8,80.1
2022-11-04 20:00:00,66.0,62.2,68.8,74.0,71.0,70.6
2022-11-04 21:00:00,72.4,68.0,66.2,63.2,61.7,68.1
2022-11-04 22:00:00,72.4,72.5,68.8,51.6,59.6,59.1
2022-11-04 23:00:00,76.0,76.2,66.3,66.6,62.1,62.4
2022-11-05 00:00:00,71.3,56.4,66.6,54.5,57.7,67.2
2022-11-05 01:00:00,72.9,76.0,69.3,68.3,61.4,60.4
2022-11-05 02:00:00,69.2,61.6,61.3,48.0,44.8,46.7
2022-11-05 03:00:00,63.9,48.7,69.0,63.8,85.2,68.6
2022-11-05 17:00:00,67.1,71.7,64.7,70.3,71.5,62.5
2022-11-05 18:00:00,67.5,71.7,69.9,75.4,70.5,73.0
2022-11-05 19:00:00,68.0,66.3,68.4,69.0,71.0,72.7
2022-11-05 20:00:00,70.0,71.0,72.2,73.2,70.3,71.9
2022-11-05 21:00:00,63.9,69.2,72.3,77.6,76.0,78.3
2022-11-05 22:00:00,60.5,63.8,68.6,71.1,66.2,63.0
2022-11-05 23:00:00,72.8,65.2,63.1,64.6,69.2,54.1
2022-11-06 00:00:00,69.3,62.1,60.6,68.7,64.2,62.2
2022-11-06 01:00:00,59.1,52.9,68.2,72.8,66.5,56.8
2022-11-06 02:00:00,69.7,62.3,57.3,69.9,69.4,82.7
2022-11-06 03:00:00,57.0,59.0,58.0,62.3,57.1,58.5
2022-11-06 17:00:00,71.3,72.6,65.2,75.5,72.5,73.0
2022-11-06 18:00:00,65.8,68.5,69.7,71.3,69.1,63.0
2022-11-06 19:00:00,74.8,65.8,68.6,71.8,75.6,65.8
2022-11-06 20:00:00,75.5,72.4,72.2,73.8,68.0,63.1
2022-11-06 21:00:00,68.1,71.3,66.4,74.7,67.0,60.9
2022-11-06 22:00:00,61.1,56.8,65.4,64.7,70.0,63.7
2022-11-06 23:00:00,72.2,95.1,82.8,95.0,92.6,85.5
2022-11-07 00:00:00,55.6,53.7,67.2,61.8,61.2,62.4
2022-11-07 01:00:00,51.4,47.3,49.0,73.8,65.2,62.0
2022-11-07 02:00:00,61.3,47.6,46.2,40.9,37.5,33.4
2022-11-07 03:00:00,50.4,58.9,45.8,57.0,55.7,38.0
2022-11-07 17:00:00,58.9,66.8,69.8,71.2,68.1,68.8
2022-11-07 18:00:00,64.4,71.0,58.8,66.0,66.2,65.0
2022-11-07 19:00:00,60.3,60.6,61.2,61.2,58.4,62.4
2022-11-07 20:00:00,72.1,72.9,72.8,74.3,68.7,75.9
2022-11-07 21:00:00,71.9,66.8,68.8,71.1,71.7,72.0
2022-11-07 22:00:00,75.9,71.7,62.7,66.2,69.9,56.2
2022-11-07 23:00:00,59.4,70.1,66.8,66.1,65.1,63.8
2022-11-08 00:00:00,59.4,59.8,58.2,66.9,69.6,48.8
2022-11-08 01:00:00,58.1,61.3,67.4,69.3,64.6,67.8
2022-11-08 02:00:00,50.2,45.6,54.0,39.7,39.0,34.9
2022-11-08 03:00:00,57.7,46.5,46.9,58.4,50.3,38.2
2022-11-08 17:00:00,69.0,63.5,63.1,67.8,70.5,52.2
2022-11-08 18:00:00,71.1,69.6,67.4,78.2,78.9,64.7
2022-11-08 19:00:00,68.5,72.0,79.7,63.7,55.0,62.0
2022-11-08 20:00:00,65.8,61.3,65.7,67.6,67.3,65.4
2022-11-08 21:00:00,68.6,66.5,70.4,66.9,57.0,61.9
2022-11-08 22:00:00,56.5,61.9,67.7,59.1,60.8,58.5
2022-11-08 23:00:00,66.8,58.0,75.5,77.0,87.8,69.2
2022-11-10 00:00:00,73.4,76.7,69.4,78.1,68.5,
2022-11-10 01:00:00,80.1,64.5,70.6,74.7,78.1,
2022-11-10 02:00:00,76.3,65.8,67.5,60.8,67.0,
2022-11-10 03:00:00,79.3,58.8,59.8,57.7,55.2,
2022-11-10 17:00:00,63.6,67.8,68.2,72.0,68.5,
2022-11-10 18:00:00,76.2,68.6,68.5,72.1,74.2,
2022-11-10 19:00:00,71.8,74.8,75.4,78.0,69.9,
2022-11-10 20:00:00,67.2,73.4,69.8,75.0,69.1,
2022-11-10 21:00:00,72.6,75.7,72.1,76.1,68.4,
2022-11-10 22:00:00,66.8,64.5,68.7,74.6,77.9,
2022-11-10 23:00:00,65.1,59.9,72.2,69.0,70.3,
2022-11-11 00:00:00,,,69.4,75.6,70.5,70.9
2022-11-11 01:00:00,,,76.6,79.2,65.3,68.1
2022-11-11 02:00:00,,,71.0,84.0,63.9,61.8
2022-11-11 03:00:00,,,74.0,83.8,74.1,73.3
2022-11-11 17:00:00,,,72.9,72.8,65.3,69.0
2022-11-11 18:00:00,,,68.6,77.3,73.8,75.5
2022-11-11 19:00:00,,,76.4,73.5,72.8,64.2
2022-11-11 20:00:00,,,75.3,70.2,66.8,69.2
2022-11-11 21:00:00,,,70.7,80.0,67.8,63.5
2022-11-11 22:00:00,,,64.5,58.8,54.3,64.1
2022-11-11 23:00:00,,,66.5,70.3,69.6,82.0
2022-11-12 00:00:00,59.9,65.6,51.9,70.5,61.7,64.6
2022-11-12 01:00:00,73.3,64.3,59.4,68.7,67.2,69.9
2022-11-12 02:00:00,73.8,67.3,56.3,61.9,67.8,61.0
2022-11-12 03:00:00,67.8,56.1,63.8,48.1,49.2,42.5
2022-11-12 17:00:00,67.2,65.4,63.6,71.1,65.6,67.8
2022-11-12 18:00:00,59.6,72.6,72.2,74.2,69.1,63.7
2022-11-12 19:00:00,65.4,59.7,63.6,60.2,71.0,63.3
2022-11-12 20:00:00,63.5,65.3,72.1,73.5,70.6,71.4
2022-11-12 21:00:00,70.0,68.5,69.8,72.8,71.0,73.4
2022-11-12 22:00:00,71.5,69.9,65.1,70.3,67.2,66.5
2022-11-12 23:00:00,71.4,70.4,63.6,65.0,57.0,59.0
2022-12-03 00:00:00,73.6,67.2,71.3,82.9,84.2,93.3
2022-12-03 01:00:00,72.7,64.0,59.5,67.6,71.5,65.3
2022-12-03 02:00:00,71.4,71.1,66.0,71.1,65.6,63.9
2022-12-03 03:00:00,67.1,67.7,67.8,77.2,72.7,62.9
2022-12-03 17:00:00,56.1,62.4,67.0,65.5,74.1,67.7
2022-12-03 18:00:00,77.8,73.0,71.0,69.0,69.2,66.6
2022-12-03 19:00:00,70.8,68.2,68.2,80.9,72.3,72.7
2022-12-03 20:00:00,70.2,67.9,71.7,74.2,69.0,69.6
2022-12-03 21:00:00,56.8,59.1,61.0,67.0,67.3,74.2
2022-12-03 22:00:00,55.5,73.9,70.5,69.1,66.3,74.8
2022-12-03 23:00:00,58.4,66.4,65.3,71.1,67.6,69.0
2022-12-04 00:00:00,62.1,53.2,51.9,53.6,69.0,70.7
2022-12-04 01:00:00,63.0,53.2,50.4,51.9,56.8,37.8
2022-12-04 02:00:00,60.6,47.7,52.6,36.2,54.4,35.2
2022-12-04 03:00:00,51.6,58.2,59.2,37.9,39.3,35.8
2022-12-04 17:00:00,79.5,90.8,73.6,71.0,69.7,65.9
2022-12-04 18:00:00,71.3,74.3,78.0,77.5,73.4,74.2
2022-12-04 19:00:00,77.4,73.8,73.7,71.6,65.3,77.2
2022-12-04 20:00:00,66.5,65.2,68.0,70.5,70.0,71.3
2022-12-04 21:00:00,69.4,77.6,95.1,71.4,79.9,65.1
2022-12-04 22:00:00,76.2,67.1,63.5,70.6,65.8,59.4
2022-12-04 23:00:00,59.6,66.8,69.6,69.4,66.2,61.5
2022-12-05 00:00:00,76.5,64.6,65.4,67.4,70.2,71.0
2022-12-05 01:00:00,80.3,69.7,59.5,72.4,73.2,74.8
2022-12-05 02:00:00,80.2,69.0,62.6,49.8,52.5,58.9
2022-12-05 03:00:00,74.0,60.9,71.3,54.6,59.7,42.5
2022-12-05 17:00:00,69.6,71.0,69.2,73.7,73.2,71.6
2022-12-05 18:00:00,71.9,70.3,71.3,65.1,65.5,73.0
2022-12-05 19:00:00,77.2,75.2,75.0,75.7,78.1,80.5
2022-12-05 20:00:00,72.4,70.9,70.5,70.5,73.5,72.6
2022-12-05 21:00:00,73.0,77.0,74.9,83.0,75.8,76.2
2022-12-05 22:00:00,57.5,58.9,69.7,65.5,74.3,84.2
2022-12-05 23:00:00,72.3,62.4,71.6,59.2,65.7,65.1
2022-12-06 00:00:00,64.5,63.5,65.9,61.7,53.7,56.9
2022-12-06 01:00:00,52.9,60.1,54.1,81.1,60.1,48.8
2022-12-06 02:00:00,65.8,50.2,64.5,63.9,60.5,52.9
2022-12-06 03:00:00,78.0,85.9,70.2,64.0,57.2,63.3
2022-12-06 17:00:00,65.3,70.1,69.0,70.6,75.8,69.5
2022-12-06 18:00:00,61.1,71.1,72.1,77.1,72.2,74.0
2022-12-06 19:00:00,59.9,63.6,70.7,70.2,63.8,65.8
2022-12-06 20:00:00,73.9,77.0,71.7,75.2,79.6,73.4
2022-12-06 21:00:00,60.3,56.3,70.6,73.9,76.6,68.3
2022-12-06 22:00:00,63.7,72.0,70.6,72.1,69.3,68.0
2022-12-06 23:00:00,70.1,69.8,68.7,69.8,76.1,77.9
2022-12-07 00:00:00,63.4,57.1,53.6,61.2,52.0,41.6
2022-12-07 01:00:00,60.6,47.1,71.2,59.7,44.6,50.7
2022-12-07 02:00:00,50.4,51.8,53.7,55.4,47.6,38.1
2022-12-07 03:00:00,51.4,63.1,49.1,34.9,54.1,33.3
2022-12-07 17:00:00,62.2,68.0,69.5,69.6,70.4,72.3
2022-12-07 18:00:00,77.9,66.2,68.2,74.0,61.5,60.4
2022-12-07 19:00:00,64.5,58.8,60.5,68.5,71.8,70.7
2022-12-07 20:00:00,57.8,59.0,64.9,63.3,64.1,61.4
2022-12-07 21:00:00,68.6,65.8,70.9,82.1,71.2,73.0
2022-12-07 22:00:00,69.0,68.5,59.7,63.0,65.1,61.1
2022-12-07 23:00:00,59.7,54.4,59.2,53.5,56.6,57.1
2022-12-08 00:00:00,56.7,56.1,57.2,47.6,50.2,66.9
2022-12-08 01:00:00,63.7,58.1,72.1,75.3,76.3,78.8
2022-12-08 02:00:00,62.6,49.8,53.5,80.7,74.4,53.5
2022-12-08 03:00:00,49.3,57.2,50.4,57.9,54.2,57.8
2022-12-08 17:00:00,66.0,56.8,58.5,74.6,69.8,73.2
2022-12-08 18:00:00,62.0,77.2,61.5,66.8,64.8,64.9
2022-12-08 19:00:00,58.1,66.8,67.1,65.3,63.4,53.2
2022-12-08 20:00:00,66.9,64.4,73.2,69.1,62.6,64.4
2022-12-08 21:00:00,67.1,60.8,76.8,74.5,69.0,61.0
2022-12-08 22:00:00,60.8,65.4,75.9,79.0,78.1,77.9
2022-12-08 23:00:00,68.0,64.6,67.7,70.3,64.5,66.3
2022-12-10 00:00:00,75.5,56.3,54.6,71.7,63.6,
2022-12-10 01:00:00,71.5,71.9,69.0,69.6,68.3,
2022-12-10 02:00:00,73.6,71.1,59.7,57.8,59.6,
2022-12-10 03:00:00,84.1,61.5,67.4,65.8,64.9,
2022-12-10 17:00:00,65.9,66.4,67.0,82.8,66.6,
2022-12-10 18:00:00,70.4,82.0,79.6,77.9,73.5,
2022-12-10 19:00:00,64.5,72.2,74.5,72.7,61.4,
2022-12-10 20:00:00,73.2,70.1,67.3,66.7,64.3,
2022-12-10 21:00:00,67.0,64.1,69.8,71.7,67.3,
2022-12-10 22:00:00,65.5,62.2,59.2,72.9,65.0,
2022-12-10 23:00:00,67.4,71.2,63.0,67.7,68.2,
2022-12-11 00:00:00,,,70.2,68.2,67.8,67.8
2022-12-11 01:00:00,,,66.0,81.2,64.8,65.6
2022-12-11 02:00:00,,,60.4,64.5,62.3,62.9
2022-12-11 03:00:00,,,73.4,80.0,72.3,72.9
2022-12-11 17:00:00,,,69.7,67.8,64.9,65.9
2022-12-11 18:00:00,,,62.4,81.3,62.9,61.1
2022-12-11 19:00:00,,,75.2,74.5,69.2,64.8
2022-12-11 20:00:00,,,72.8,77.3,74.2,75.2
2022-12-11 21:00:00,,,67.0,64.3,67.6,65.2
2022-12-11 22:00:00,,,60.1,71.9,59.9,57.6
2022-12-11 23:00:00,,,59.8,78.0,63.8,55.7
2022-12-12 00:00:00,71.5,61.3,60.4,54.4,47.5,61.6
2022-12-12 01:00:00,64.8,49.8,58.2,66.2,57.0,54.1
2022-12-12 02:00:00,76.4,52.8,49.3,65.1,59.1,53.7
2022-12-12 03:00:00,65.9,59.3,49.1,38.2,41.4,41.1
2022-12-12 17:00:00,70.6,71.0,74.6,63.3,56.4,61.7
2022-12-12 18:00:00,63.4,62.4,66.3,75.0,73.0,75.0
2022-12-12 19:00:00,80.8,84.1,84.4,79.5,76.2,68.4
2022-12-12 20:00:00,60.8,62.3,64.2,80.5,70.6,62.7
2022-12-12 21:00:00,66.5,64.2,68.7,73.2,73.1,72.1
2022-12-12 22:00:00,61.9,60.6,65.4,64.6,64.2,62.1
2022-12-12 23:00:00,64.8,66.8,64.5,68.8,71.3,72.2
