month,day,hour,lamax
10,16,16,38.36498800959233
10,16,17,46.099611111111116
10,16,18,35.957138888888885
10,16,19,39.05075
10,16,20,35.61647222222222
10,16,21,33.36691666666667
10,16,22,33.32111111111111
10,16,23,32.408277777777776
10,17,00,32.35011111111111
10,17,01,32.389774937482635
10,17,02,32.33741666666666
10,17,03,32.30013888888889
10,17,04,32.37075
10,17,05,32.51922222222222
10,17,06,32.91725
10,17,07,35.663444444444444
10,17,08,36.684
10,17,09,34.44288888888889
10,17,10,34.72277777777778
10,17,11,33.52586111111111
10,17,12,34.20511111111111
10,17,13,46.39380555555556
10,17,14,60.47375
10,17,15,60.62177777777777
10,17,16,60.71055555555556
10,17,17,60.30491666666667
10,17,18,60.25966666666666
10,17,19,60.10063888888889
10,17,20,60.01883333333333
10,17,21,58.010305555555554
10,17,22,56.77152777777778
10,17,23,56.93013888888889
10,18,00,53.82713888888889
10,18,01,52.062222222222225
10,18,02,49.09858333333333
10,18,03,48.47427777777778
10,18,04,48.80455555555555
10,18,05,51.483472222222225
10,18,06,50.73016666666667
10,18,07,56.375972222222224
10,18,08,60.70891666666667
10,18,09,60.26855555555555
10,18,10,61.83672222222223
10,18,11,67.39525
10,18,12,59.713138888888885
10,18,13,61.032543103448276
10,18,14,59.377438177271465
10,18,15,59.585249999999995
10,18,16,59.29461111111111
10,18,17,59.54902777777778
10,18,18,60.17266666666667
10,18,19,60.28238888888889
10,18,20,59.71072222222222
10,18,21,58.884861111111114
10,18,22,58.438250000000004
10,18,23,57.54258333333333
10,19,00,59.00461111111111
10,19,01,58.759249999999994
10,19,02,54.61858333333333
10,19,03,52.75416666666667
10,19,04,53.52097222222222
10,19,05,51.036944444444444
10,19,06,52.84469444444444
10,19,07,57.10475
10,19,08,60.780722222222224
10,19,09,60.625194444444446
10,19,10,59.283138888888885
10,19,11,58.88236111111111
10,19,12,60.836888888888886
10,19,13,60.47369444444444
10,19,14,60.35219444444444
10,19,15,59.26744444444444
10,19,16,59.28111111111111
10,19,17,59.94
10,19,18,60.156444444444446
10,19,19,59.54830555555555
10,19,20,59.625
10,19,21,57.95086111111111
10,19,22,58.697805555555554
10,19,23,56.76525
10,20,00,58.55758333333333
10,20,01,57.427749999999996
10,20,02,53.57288888888889
10,20,03,53.354959711030844
10,20,04,53.718810780772436
10,20,05,51.015580016934805
10,20,06,54.52861111111111
10,20,07,56.80405555555556
10,20,08,60.40630555555556
10,20,09,60.616055555555555
10,20,10,60.31517088080022
10,20,11,63.312666666666665
10,20,12,61.421305555555556
10,20,13,60.25358333333333
10,20,14,59.94680555555556
10,20,15,60.15577777777777
10,20,16,60.025416666666665
10,20,17,59.87005555555556
10,20,18,60.887055555555555
10,20,19,60.612833333333334
10,20,20,59.444111111111106
10,20,21,59.11402777777778
10,20,22,59.12088888888889
10,20,23,59.267999999999994
10,21,00,61.193333333333335
10,21,01,62.015
10,21,02,60.934194444444444
10,21,03,59.78508333333333
10,21,04,57.46013888888889
10,21,05,53.16802777777777
10,21,06,54.98486111111111
10,21,07,58.501000000000005
10,21,08,62.794361111111115
10,21,09,61.239361111111116
10,21,10,60.730611111111116
10,21,11,61.63119444444444
10,21,12,59.189416666666666
10,21,13,61.440333333333335
10,21,14,59.32897222222222
10,21,15,59.33902777777778
10,21,16,60.53605555555555
10,21,17,59.76091666666667
10,21,18,60.60583333333334
10,21,19,60.24022222222222
10,21,20,59.28627777777778
10,21,21,57.36836111111111
10,21,22,57.181749999999994
10,21,23,56.43311111111112
10,22,00,54.65277777777778
10,22,01,54.70133333333333
10,22,02,50.72027777777778
10,22,03,50.31455555555556
10,22,04,49.04897222222222
10,22,05,48.474500000000006
10,22,06,49.13505555555556
10,22,07,50.66977777777778
10,22,08,56.30111111111111
10,22,09,58.045361111111106
10,22,10,55.89202777777778
10,22,11,56.58152777777778
10,22,12,57.75676576826896
10,22,13,57.55119444444444
10,22,14,57.008388888888895
10,22,15,57.93138888888889
10,22,16,58.019555555555556
10,22,17,58.09863888888889
10,22,18,58.840777777777774
10,22,19,61.393055555555556
10,22,20,61.98719444444444
10,22,21,60.812777777777775
10,22,22,56.60125
10,22,23,56.35627777777778
10,23,00,53.786
10,23,01,50.545722222222224
10,23,02,50.54683333333333
10,23,03,50.25325
10,23,04,48.41225
10,23,05,46.505
10,23,06,45.52225
10,23,07,50.876555555555555
10,23,08,48.166111111111114
10,23,09,51.67777777777778
10,23,10,55.15080555555556
10,23,11,56.25269444444445
10,23,12,57.76122222222222
10,23,13,55.14972222222222
10,23,14,56.60311111111111
10,23,15,54.860638888888886
10,23,16,55.39483333333333
10,23,17,57.461777777777776
10,23,18,59.552305555555556
10,23,19,59.33552777777778
10,23,20,59.69358333333333
10,23,21,59.02502777777778
10,23,22,56.20952777777777
10,23,23,52.423138888888886
10,24,00,51.05130555555556
10,24,01,47.29911111111111
10,24,02,50.77297222222222
10,24,03,48.67802777777778
10,24,04,46.58402777777778
10,24,05,49.520611111111116
10,24,06,52.02280555555556
10,24,07,57.09619444444444
10,24,08,60.28866666666667
10,24,09,59.51747222222222
10,24,10,59.91180555555555
10,24,11,60.431638888888884
10,24,12,60.43438888888888
10,24,13,60.45747222222222
10,24,14,61.43173103639899
10,24,15,61.92316666666667
10,24,16,60.411722222222224
10,24,17,60.56033333333334
10,24,18,60.68069444444444
10,24,19,60.267805555555555
10,24,20,64.21141666666666
10,24,21,61.06575
10,24,22,56.98708333333333
10,24,23,54.93911111111111
10,25,00,54.82541666666667
10,25,01,53.045833333333334
10,25,02,51.23363888888889
10,25,03,49.620916666666666
10,25,04,49.33752777777778
10,25,05,46.89083333333333
10,25,06,52.59386111111111
10,25,07,56.84433333333334
10,25,08,61.76638888888889
10,25,09,61.19175
10,25,10,61.2885
10,25,11,59.39544444444444
10,25,12,59.82805555555556
10,25,13,61.10805779383162
10,25,14,58.528888888888886
10,25,15,59.05586111111111
10,25,16,59.552305555555556
10,25,17,59.71
10,25,18,60.70119444444444
10,25,19,60.34486111111111
10,25,20,59.86377777777778
10,25,21,57.775305555555555
10,25,22,58.970416666666665
10,25,23,58.65719444444444
10,26,00,57.1215
10,26,01,56.524249999999995
10,26,02,55.30302777777778
10,26,03,52.59780555555556
10,26,04,49.38097222222222
10,26,05,50.129194444444444
10,26,06,54.642250000000004
10,26,07,56.291222222222224
10,26,08,60.00058333333334
10,26,09,60.46125
10,26,10,59.069500000000005
10,26,11,58.83541666666667
10,26,12,59.554111111111105
10,26,13,60.02386111111111
10,26,14,58.89933333333334
10,26,15,58.71261111111111
10,26,16,58.910805555555555
10,26,17,59.37649347040845
10,26,18,60.79416666666667
10,26,19,60.747861111111106
10,26,20,60.81194444444444
10,26,21,60.878638888888894
10,26,22,60.25988888888889
10,26,23,59.152027777777775
10,27,00,59.204
10,27,01,57.78772222222222
10,27,02,55.73905555555556
10,27,03,55.738055555555555
10,27,04,51.288111111111114
10,27,05,52.749472222222224
10,27,06,53.52144444444445
10,27,07,56.05747222222222
10,27,08,58.960972222222225
10,27,09,58.68822222222222
10,27,10,59.75058333333334
10,27,11,61.0235
10,27,12,59.58963888888889
10,27,13,60.57688888888889
10,27,14,58.365722222222225
10,27,15,58.40147222222222
10,27,16,59.79213888888889
10,27,17,59.659083333333335
10,27,18,61.50355555555555
10,27,19,60.71363888888889
10,27,20,59.03819444444444
10,27,21,57.8515
10,27,22,58.36236111111111
10,27,23,57.352444444444444
10,28,00,56.04383333333333
10,28,01,56.00013888888889
10,28,02,55.18183333333334
10,28,03,53.62377777777778
10,28,04,55.527944444444444
10,28,05,51.63122222222222
10,28,06,52.90125
10,28,07,57.35502777777778
10,28,08,59.52311111111111
10,28,09,59.153111111111116
10,28,10,60.005833333333335
10,28,11,58.770583333333335
10,28,12,60.242333333333335
10,28,13,60.12672222222223
10,28,14,59.959611111111116
10,28,15,59.44294444444444
10,28,16,59.77744444444444
10,28,17,60.36133333333333
10,28,18,59.95863888888889
10,28,19,59.1136186770428
10,28,20,59.14597222222222
10,28,21,57.44122222222222
10,28,22,56.11655555555556
10,28,23,57.03852777777778
10,29,00,56.969388888888886
10,29,01,52.82647222222222
10,29,02,51.50338888888889
10,29,03,48.78063888888889
10,29,04,48.658500000000004
10,29,05,47.71297222222223
10,29,06,48.63697222222223
10,29,07,49.69111111111111
10,29,08,52.38666666666666
10,29,09,56.49802777777778
10,29,10,55.97816666666667
10,29,11,57.09647222222222
10,29,12,56.94277777777778
10,29,13,56.86388888888889
10,29,14,57.577083333333334
10,29,15,57.60383333333333
10,29,16,57.489472222222226
10,29,17,58.63319444444444
10,29,18,58.5125
10,29,19,58.69277777777778
10,29,20,56.03827777777777
10,29,21,56.505472222222224
10,29,22,54.889500000000005
10,29,23,54.22763888888889
10,30,00,54.29022222222222
10,30,01,51.66266666666667
10,30,02,49.218555555555554
10,30,03,49.07791666666667
10,30,04,47.13572222222222
10,30,05,45.965916666666665
10,30,06,45.21911111111111
10,30,07,46.95094549499444
10,30,08,48.41447222222222
10,30,09,53.77686111111112
10,30,10,53.42516666666667
10,30,11,56.894388888888884
10,30,12,55.06133333333333
10,30,13,54.31925
10,30,14,54.52497222222222
10,30,15,55.71216666666666
10,30,16,57.82988888888889
10,30,17,58.124722222222225
10,30,18,58.54913888888889
10,30,19,58.06869444444444
10,30,20,58.73315730961645
10,30,21,57.530750000000005
10,30,22,56.85677777777778
10,30,23,53.31791666666667
10,31,00,51.74875
10,31,01,48.69372222222222
10,31,02,46.745305555555554
10,31,03,45.78916666666667
10,31,04,43.82816666666667
10,31,05,44.23963888888889
10,31,06,49.4405
10,31,07,53.162000000000006
10,31,08,57.662861111111106
10,31,09,59.86361111111111
10,31,10,59.461638888888885
10,31,11,58.205444444444446
10,31,12,59.31922222222222
10,31,13,59.64169444444445
10,31,14,58.0885
10,31,15,59.09175
10,31,16,58.61947222222222
10,31,17,59.135333333333335
10,31,18,59.048027777777776
10,31,19,58.87430555555556
10,31,20,58.46525
10,31,21,57.32966666666666
10,31,22,56.59711111111111
10,31,23,57.812086690747435
11,01,00,59.18516666666667
11,01,01,61.98780555555556
11,01,02,58.16136111111111
11,01,03,57.05736111111111
11,01,04,57.086416666666665
11,01,05,55.64552777777778
11,01,06,52.70483333333333
11,01,07,51.95622222222222
11,01,08,50.87097222222222
11,01,09,55.018166666666666
11,01,10,56.81319444444444
11,01,11,58.37491666666667
11,01,12,57.93241666666667
11,01,13,57.19008333333333
11,01,14,58.415388888888884
11,01,15,57.74502777777778
11,01,16,57.01913888888889
11,01,17,57.281555555555556
11,01,18,58.40994444444444
11,01,19,58.230694444444445
11,01,20,56.47375
11,01,21,56.21125
11,01,22,55.09872222222222
11,01,23,54.8021116976938
11,02,00,54.660583333333335
11,02,01,54.21869444444444
11,02,02,52.09883333333333
11,02,03,53.158277777777776
11,02,04,50.89319444444445
11,02,05,49.58427777777778
11,02,06,50.99594444444444
11,02,07,53.71536111111111
11,02,08,57.355805555555555
11,02,09,56.455333333333336
11,02,10,57.77905555555556
11,02,11,57.439527777777776
11,02,12,57.50230555555555
11,02,13,56.96955555555555
11,02,14,57.28941666666667
11,02,15,56.21194444444444
11,02,16,56.08036111111111
11,02,17,58.04955555555556
11,02,18,58.824361111111116
11,02,19,58.62152777777778
11,02,20,57.26086111111111
11,02,21,57.811499999999995
11,02,22,57.279694444444445
11,02,23,54.230555555555554
11,03,00,54.16266666666667
11,03,01,54.36472222222222
11,03,02,51.430638888888886
11,03,03,51.24588888888889
11,03,04,50.657805555555555
11,03,05,50.02108333333333
11,03,06,53.559222222222225
11,03,07,58.407694444444445
11,03,08,58.414750000000005
11,03,09,59.05580555555555
11,03,10,58.66238888888889
11,03,11,60.961527777777775
11,03,12,57.735388888888885
11,03,13,59.04688888888889
11,03,14,60.71247222222222
11,03,15,60.97836111111111
11,03,16,59.62088888888889
11,03,17,61.437222222222225
11,03,18,61.31483333333333
11,03,19,61.53227777777778
11,03,20,60.85380555555556
11,03,21,60.10552777777777
11,03,22,60.90547222222222
11,03,23,62.310916666666664
11,04,00,62.75969444444444
11,04,01,59.965555555555554
11,04,02,55.897888888888886
11,04,03,55.98296749096972
11,04,04,54.97011111111111
11,04,05,51.95652777777778
11,04,06,55.735416666666666
11,04,07,57.89333333333333
11,04,08,61.33141666666667
11,04,09,59.11080555555555
11,04,10,60.149138888888885
11,04,11,58.86891666666667
11,04,12,60.41866666666667
11,04,13,60.47391666666667
11,04,14,59.453694444444444
11,04,15,57.875
11,04,16,58.51694444444445
11,04,17,59.734138888888886
11,04,18,60.10922222222223
11,04,19,58.47622222222222
11,04,20,58.57113888888889
11,04,21,57.100944444444444
11,04,22,55.83163888888889
11,04,23,54.239694444444446
11,05,00,55.06066666666666
11,05,01,53.14083333333333
11,05,02,52.250305555555556
11,05,03,49.87872222222222
11,05,04,47.846555555555554
11,05,05,48.80013888888889
11,05,06,48.276833333333336
11,05,07,51.99788888888889
11,05,08,52.58569444444444
11,05,09,52.568
11,05,10,55.34763888888889
11,05,11,54.99622222222222
11,05,12,56.236916666666666
11,05,13,56.214194444444445
11,05,14,57.39344444444444
11,05,15,56.98125
11,05,16,56.69775
11,05,17,58.28311111111111
11,05,18,58.72372222222222
11,05,19,57.746861111111116
11,05,20,56.970527777777775
11,05,21,56.384972222222224
11,05,22,56.16761111111111
11,05,23,54.77638888888889
11,06,00,53.3175
11,06,01,50.10897222222222
11,06,02,48.86702777777777
11,06,03,48.13205555555555
11,06,04,47.017
11,06,05,48.95111111111111
11,06,06,48.746972222222226
11,06,07,46.36980555555555
11,06,08,48.32129552404782
11,06,09,51.335277777777776
11,06,10,52.95280555555556
11,06,11,57.380916666666664
11,06,12,54.90211111111111
11,06,13,55.076388888888886
11,06,14,57.36241666666667
11,06,15,58.36361111111111
11,06,16,58.44413888888889
11,06,17,59.02588888888889
11,06,18,60.60455555555556
11,06,19,59.94166666666667
11,06,20,59.95983333333333
11,06,21,59.337888888888884
11,06,22,56.748
11,06,23,50.94494444444444
11,07,00,49.22683333333333
11,07,01,47.5355
11,07,02,44.82125
11,07,03,46.99747222222222
11,07,04,46.435861111111116
11,07,05,49.43647222222222
11,07,06,51.53675
11,07,07,56.93552777777778
11,07,08,63.14783333333334
11,07,09,59.57911111111111
11,07,10,58.51863888888889
11,07,11,57.82102777777778
11,07,12,58.83197222222223
11,07,13,60.733111111111114
11,07,14,58.861777777777775
11,07,15,58.954861111111114
11,07,16,58.98105555555555
11,07,17,59.91561111111111
11,07,18,59.36419444444444
11,07,19,59.64266666666667
11,07,20,58.14958333333333
11,07,21,57.44283333333334
11,07,22,55.85047222222222
11,07,23,56.16741666666667
11,08,00,55.9585
11,08,01,50.35838888888889
11,08,02,52.14588888888889
11,08,03,49.67586111111111
11,08,04,47.155972222222225
11,08,05,48.40047222222223
11,08,06,52.28388888888889
11,08,07,57.51161111111111
11,08,08,60.04827777777778
11,08,09,59.04841666666666
11,08,10,60.25091666666666
11,08,11,57.60483333333333
11,08,12,59.51408333333334
11,08,13,59.570622568093384
11,08,14,58.32694444444444
11,08,15,59.04969444444444
11,08,16,58.86866666666667
11,08,17,59.52055555555555
11,08,18,60.41375
11,08,19,60.22538888888889
11,08,20,59.23858333333333
11,08,21,59.07141666666667
11,08,22,56.49783333333334
11,08,23,56.34122222222222
11,09,00,55.99627777777778
11,09,01,55.38386111111111
11,09,02,53.352111111111114
11,09,03,54.56786111111111
11,09,04,51.724361111111115
11,09,05,50.3405
11,09,06,52.32597222222222
11,09,07,55.32652777777778
11,09,08,60.006861111111114
11,09,09,59.42111111111111
11,09,10,59.16008333333333
11,09,11,62.86697222222222
11,09,12,60.87705555555556
11,09,13,62.46194444444444
11,09,14,63.07172222222223
11,09,15,59.82811111111111
11,09,16,58.81113888888889
11,09,17,58.913916666666665
11,09,18,59.276027777777784
11,09,19,59.690694444444446
11,09,20,57.676972222222226
11,09,21,57.60608333333333
11,09,22,56.72230555555555
11,09,23,56.282833333333336
11,10,00,56.7875
11,10,01,55.09625
11,10,02,51.92969444444444
11,10,03,50.355805555555555
11,10,04,53.36822222222222
11,10,05,51.845555555555556
11,10,06,51.428250000000006
11,10,07,58.46094444444444
11,10,08,63.41544444444445
11,10,09,58.456694444444445
11,10,10,60.554500000000004
11,10,11,60.47986111111111
11,10,12,59.231833333333334
11,10,13,65.59519444444445
11,10,14,65.96672222222223
11,10,15,63.75111111111111
11,10,16,59.56527777777778
11,10,17,59.72186718532926
11,10,18,61.23977777777778
11,10,19,60.62858333333333
11,10,20,60.787166666666664
11,10,21,58.70341666666666
11,10,22,59.19363888888889
11,10,23,59.24447222222222
11,11,00,61.33061111111112
11,11,01,62.500750000000004
11,11,02,62.24252777777778
11,11,03,59.620472222222226
11,11,04,57.70458333333333
11,11,05,57.48269444444445
11,11,06,55.63469444444444
11,11,07,51.981472222222216
11,11,08,51.97530555555556
11,11,09,55.48902777777778
11,11,10,56.2335
11,11,11,56.38608333333333
11,11,12,56.259166666666665
11,11,13,56.62755555555556
11,11,14,57.47786111111111
11,11,15,55.745805555555556
11,11,16,57.526555555555554
11,11,17,58.43716666666666
11,11,18,59.96688888888889
11,11,19,59.96722222222222
11,11,20,58.65513888888889
11,11,21,56.940777777777775
11,11,22,57.027055555555556
11,11,23,59.85125
11,12,00,56.00130555555556
11,12,01,51.106722222222224
11,12,02,50.25438888888888
11,12,03,49.22175
11,12,04,48.202888888888886
11,12,05,44.969944444444444
11,12,06,48.59647222222222
11,12,07,49.30241666666667
11,12,08,52.05638888888889
11,12,09,53.48961111111111
11,12,10,58.45130555555556
11,12,11,56.517
11,12,12,57.17691666666666
11,12,13,55.892138888888894
11,12,14,56.84169444444444
11,12,15,57.07161111111111
11,12,16,57.27855555555555
11,12,17,57.35922222222223
11,12,18,58.811611111111105
11,12,19,58.25713888888889
11,12,20,55.931444444444445
11,12,21,55.102000000000004
11,12,22,53.73654808226793
11,12,23,54.51188888888888
11,13,00,53.01363888888889
11,13,01,48.79755555555556
11,13,02,47.44947222222223
11,13,03,45.55891666666667
11,13,04,46.93816666666667
11,13,05,45.48375
11,13,06,44.75977777777778
11,13,07,46.84744444444444
11,13,08,50.54752777777778
11,13,09,52.993944444444445
11,13,10,54.93944444444445
11,13,11,57.60008333333333
11,13,12,56.64019444444445
11,13,13,55.52116666666667
11,13,14,55.26283333333333
11,13,15,55.03183333333334
11,13,16,54.94013888888889
11,13,17,57.13966666666666
11,13,18,57.89216666666666
11,13,19,58.69286111111111
11,13,20,59.34188888888889
11,13,21,58.202777777777776
11,13,22,56.05844444444444
11,13,23,51.705
11,14,00,49.97405555555556
11,14,01,45.05416666666667
11,14,02,44.33294444444444
11,14,03,43.850750000000005
11,14,04,43.53908333333334
11,14,05,47.60275
11,14,06,49.04566666666666
11,14,07,55.273694444444445
11,14,08,60.94366666666667
11,14,09,58.87
11,14,10,59.29975
11,14,11,59.24225
11,14,12,59.666722222222226
11,14,13,59.849694444444445
11,14,14,59.443083333333334
11,14,15,58.47102777777778
11,14,16,59.11066666666667
11,14,17,58.904472222222225
11,14,18,59.85861111111111
11,14,19,58.62125
11,14,20,57.77741666666667
11,14,21,57.53116666666667
11,14,22,56.30372222222222
11,14,23,55.60369444444444
11,15,00,53.641555555555556
11,15,01,51.39041666666667
11,15,02,51.46977777777778
11,15,03,51.3235
11,15,04,47.08449569324813
11,15,05,47.71866666666667
11,15,06,53.74619444444444
11,15,07,57.744055555555555
11,15,08,63.32588888888889
11,15,09,65.16502777777778
11,15,10,61.754361111111116
11,15,11,62.34027777777778
11,15,12,59.665
11,15,13,61.31775
11,15,14,59.67758333333333
11,15,15,58.451055555555556
11,15,16,60.08872222222222
11,15,17,59.89105555555555
11,15,18,60.91625
11,15,19,59.45652777777778
11,15,20,59.062888888888885
11,15,21,59.263444444444445
11,15,22,58.804833333333335
11,15,23,58.97080555555556
11,16,00,56.894305555555555
11,16,01,52.352888888888884
11,16,02,51.526888888888884
11,16,03,50.31044444444444
11,16,04,47.163944444444446
11,16,05,47.63638888888889
11,16,06,51.55266666666667
11,16,07,57.824416666666664
11,16,08,59.87719444444444
11,16,09,58.97069444444445
11,16,10,58.815583333333336
11,16,11,59.24816666666666
11,16,12,59.91836111111111
11,16,13,60.596000000000004
11,16,14,59.919555555555554
11,16,15,58.90416666666667
11,16,16,60.167388888888894
11,16,17,59.796749999999996
11,16,18,60.58975
11,16,19,60.31525
11,16,20,60.02122222222222
11,16,21,59.44547222222223
11,16,22,60.20708333333334
11,16,23,57.40555555555556
11,17,00,57.78969444444444
11,17,01,56.08738888888889
11,17,02,53.09111111111111
11,17,03,52.253305555555556
11,17,04,54.999833333333335
11,17,05,53.378027777777774
11,17,06,58.424055555555555
11,17,07,61.623333333333335
11,17,08,62.34097222222222
11,17,09,62.548457047539614
11,17,10,63.747861111111106
11,17,11,61.575944444444445
11,17,12,61.92188888888889
11,17,13,61.21802777777778
11,17,14,58.87102777777778
11,17,15,59.588055555555556
11,17,16,59.48202777777777
11,17,17,59.51733333333333
11,17,18,59.97555555555556
11,17,19,60.03138888888889
11,17,20,58.43683333333333
11,17,21,57.325
11,17,22,58.64461111111111
11,17,23,57.089305555555555
11,18,00,58.40152777777778
11,18,01,58.33761111111111
11,18,02,56.87002777777778
11,18,03,54.17691666666666
11,18,04,52.85788888888889
11,18,05,53.310027777777776
11,18,06,52.26758333333333
11,18,07,57.18552777777778
11,18,08,60.606833333333334
11,18,09,58.89341666666667
11,18,10,59.806916666666666
11,18,11,59.319361111111114
11,18,12,59.98041666666666
11,18,13,59.414611111111114
11,18,14,58.61619444444444
11,18,15,61.00511111111111
11,18,16,60.83369444444444
11,18,17,64.74555555555555
11,18,18,66.8211388888889
11,18,19,65.8891388888889
11,18,20,62.54108333333333
11,18,21,58.70802777777778
11,18,22,58.20905555555556
11,18,23,56.55758333333333
11,19,00,55.55838888888889
11,19,01,52.73383333333333
11,19,02,52.253055555555555
11,19,03,50.440694444444446
11,19,04,50.87358333333333
11,19,05,47.888888888888886
11,19,06,50.7085
11,19,07,50.70536111111111
11,19,08,55.016555555555556
11,19,09,59.16405555555556
11,19,10,58.992444444444445
11,19,11,57.89727777777778
11,19,12,58.943083333333334
11,19,13,59.75980555555555
11,19,14,60.788805555555555
11,19,15,58.81514730405781
11,19,16,58.37616666666667
11,19,17,58.17225
11,19,18,59.06375
11,19,19,58.47069444444445
11,19,20,57.105333333333334
11,19,21,55.56758333333333
11,19,22,56.28633333333333
11,19,23,55.64475
11,20,00,53.21372222222222
11,20,01,50.11016666666667
11,20,02,48.72533333333334
11,20,03,48.34052777777777
11,20,04,46.50366666666667
11,20,05,48.58244444444444
11,20,06,48.65233333333333
11,20,07,45.930527777777776
11,20,08,50.61036111111111
11,20,09,51.38247222222222
11,20,10,54.55102777777778
11,20,11,56.29441666666666
11,20,12,55.999138888888886
11,20,13,55.505805555555554
11,20,14,59.17816666666666
11,20,15,59.00541666666667
11,20,16,57.44888888888889
11,20,17,58.831722222222226
11,20,18,60.53358333333333
11,20,19,59.32947222222222
11,20,20,61.641083333333334
11,20,21,60.26747222222222
11,20,22,56.11102777777778
11,20,23,52.85602777777778
11,21,00,50.13183333333333
11,21,01,46.7475
11,21,02,44.552027777777774
11,21,03,43.57791666666667
11,21,04,45.69605555555555
11,21,05,47.38761111111111
11,21,06,52.888111111111115
11,21,07,57.50383333333333
11,21,08,60.90488888888889
11,21,09,59.83755555555556
11,21,10,60.27236111111111
11,21,11,57.69316666666666
11,21,12,59.808138888888884
11,21,13,59.86566666666666
11,21,14,58.497
11,21,15,59.52113888888889
11,21,16,59.26855555555555
11,21,17,59.463138888888885
11,21,18,60.41613888888889
11,21,19,60.76888888888889
11,21,20,59.483333333333334
11,21,21,58.511916666666664
11,21,22,56.916694444444445
11,21,23,54.034704084467904
11,22,00,53.67391666666667
11,22,01,50.85005555555556
11,22,02,48.214305555555555
11,22,03,47.60322222222222
11,22,04,47.079750000000004
11,22,05,47.879583333333336
11,22,06,52.97761111111111
11,22,07,59.34169444444444
11,22,08,60.52913888888889
11,22,09,60.88108333333333
11,22,10,60.86866666666667
11,22,11,59.135194444444444
11,22,12,59.04619444444444
11,22,13,59.6745
11,22,14,59.29983333333333
11,22,15,59.55822222222223
11,22,16,60.88708333333334
11,22,17,59.423944444444444
11,22,18,60.025388888888884
11,22,19,61.07002777777778
11,22,20,60.19897222222222
11,22,21,59.70422222222223
11,22,22,58.49905555555556
11,22,23,55.62513888888889
11,23,00,54.54530555555556
11,23,01,53.098305555555555
11,23,02,51.04127777777778
11,23,03,50.577555555555556
11,23,04,49.92297222222223
11,23,05,50.1515
11,23,06,52.36858333333333
11,23,07,55.477833333333336
11,23,08,59.825583333333334
11,23,09,58.99872222222222
11,23,10,59.81813888888889
11,23,11,59.99063888888889
11,23,12,60.357000000000006
11,23,13,60.208194444444445
11,23,14,62.56119444444444
11,23,15,62.14358333333333
11,23,16,59.49205555555555
11,23,17,59.57822222222222
11,23,18,60.877833333333335
11,23,19,61.97588888888889
11,23,20,58.16433333333333
11,23,21,57.720194444444445
11,23,22,62.94022222222222
11,23,23,58.40125
11,24,00,60.26947222222223
11,24,01,58.83283333333333
11,24,02,54.90980555555555
11,24,03,54.45647222222222
11,24,04,53.78336111111111
11,24,05,53.29211111111111
11,24,06,52.31397610447347
11,24,07,56.05430555555556
11,24,08,60.3485
11,24,09,58.777027777777775
11,24,10,60.789249999999996
11,24,11,59.118138888888886
11,24,12,58.063583333333334
11,24,13,59.440333333333335
11,24,14,58.99516666666667
11,24,15,59.13344444444444
11,24,16,59.905361111111105
11,24,17,59.896
11,24,18,60.650305555555555
11,24,19,61.313500000000005
11,24,20,59.385666666666665
11,24,21,58.31236111111111
11,24,22,58.08444444444444
11,24,23,56.28475
11,25,00,58.316861111111116
11,25,01,56.98766666666667
11,25,02,56.94491666666667
11,25,03,54.36494444444444
11,25,04,52.48394444444445
11,25,05,51.56886111111111
11,25,06,54.21525
11,25,07,61.20388888888889
11,25,08,61.14463888888889
11,25,09,60.566861111111116
11,25,10,61.250166666666665
11,25,11,58.895222222222216
11,25,12,59.713527777777784
11,25,13,60.61061111111111
11,25,14,59.93044444444445
11,25,15,59.631611111111106
11,25,16,60.06666666666667
11,25,17,60.101055555555554
11,25,18,60.09038888888889
11,25,19,59.65591666666666
11,25,20,59.000638888888886
11,25,21,57.376777777777775
11,25,22,56.084694444444445
11,25,23,56.21330555555556
11,26,00,53.95836111111111
11,26,01,53.16038888888889
11,26,02,49.68880555555556
11,26,03,47.32380555555556
11,26,04,49.766
11,26,05,47.76925
11,26,06,49.78936111111111
11,26,07,51.176722222222224
11,26,08,52.371361111111106
11,26,09,57.34166666666667
11,26,10,56.01027777777778
11,26,11,55.84338888888889
11,26,12,56.49127535426508
11,26,13,56.91561111111111
11,26,14,58.31908333333334
11,26,15,57.345444444444446
11,26,16,58.62911111111111
11,26,17,59.14116666666667
11,26,18,59.432972222222226
11,26,19,58.09455555555555
11,26,20,55.944722222222225
11,26,21,54.43258333333333
11,26,22,55.95333333333333
11,26,23,54.054138888888886
11,27,00,51.35952777777777
11,27,01,51.31363888888889
11,27,02,49.51761111111111
11,27,03,47.77330555555555
11,27,04,47.51594444444444
11,27,05,45.363
11,27,06,48.86797222222223
11,27,07,47.86230555555555
11,27,08,48.94427777777778
11,27,09,52.75394444444445
11,27,10,56.091388888888886
11,27,11,58.094638888888895
11,27,12,58.715944444444446
11,27,13,57.788361111111115
11,27,14,55.37502777777778
11,27,15,55.52847222222222
11,27,16,57.61880555555556
11,27,17,58.37694444444445
11,27,18,58.90936111111112
11,27,19,60.84113888888889
11,27,20,61.61741666666667
11,27,21,60.526916666666665
11,27,22,56.89066666666667
11,27,23,53.79174999999999
11,28,00,49.12347222222222
11,28,01,45.974472222222225
11,28,02,44.45847222222222
11,28,03,46.031888888888886
11,28,04,47.98638888888889
11,28,05,49.37386111111111
11,28,06,51.187194444444444
11,28,07,57.45838888888889
11,28,08,60.70011111111111
11,28,09,60.74458333333333
11,28,10,60.556694444444446
11,28,11,57.847944444444444
11,28,12,60.48736111111111
11,28,13,58.66961111111111
11,28,14,57.81522222222222
11,28,15,56.886805555555554
11,28,16,59.16372222222222
11,28,17,59.07669444444445
11,28,18,58.75965545984996
11,28,19,58.54241666666667
11,28,20,57.94511111111111
11,28,21,56.84847222222222
11,28,22,55.77016666666667
11,28,23,55.089416666666665
11,29,00,53.115750000000006
11,29,01,54.223194444444445
11,29,02,46.92669444444444
11,29,03,47.66536111111111
11,29,04,45.35447222222222
11,29,05,47.317083333333336
11,29,06,50.539722222222224
11,29,07,56.5455
11,29,08,59.26233333333333
11,29,09,57.95436111111111
11,29,10,59.235194444444446
11,29,11,60.324083333333334
11,29,12,59.05761111111111
11,29,13,59.246833333333335
11,29,14,57.07275
11,29,15,57.99838888888889
11,29,16,58.453250000000004
11,29,17,59.12408333333334
11,29,18,59.72011111111111
11,29,19,60.06027777777778
11,29,20,59.01255555555556
11,29,21,57.031814392886915
11,29,22,57.308972222222216
11,29,23,56.99922222222222
11,30,00,54.64563888888888
11,30,01,50.92144444444445
11,30,02,49.25311111111112
11,30,03,49.41777777777778
11,30,04,46.3145
11,30,05,46.471000000000004
11,30,06,49.063583333333334
11,30,07,56.07238888888889
11,30,08,59.4865
11,30,09,59.06752777777778
11,30,10,57.53552777777777
11,30,11,58.897111111111116
11,30,12,60.352916666666665
11,30,13,60.439
11,30,14,61.49375
11,30,15,57.355333333333334
11,30,16,57.70455555555555
11,30,17,58.289722222222224
11,30,18,60.15416666666667
11,30,19,60.64094444444444
11,30,20,58.43516666666667
11,30,21,57.93363888888889
11,30,22,57.99136111111111
11,30,23,57.52609058071686
12,01,00,56.28888580161156
12,01,01,52.97425
12,01,02,49.868027777777776
12,01,03,49.94883333333333
12,01,04,48.80544444444445
12,01,05,48.66855555555555
12,01,06,49.793166666666664
12,01,07,55.65513888888889
12,01,08,59.20780555555556
12,01,09,58.87875
12,01,10,59.52202777777777
12,01,11,57.785944444444446
12,01,12,58.60738888888889
12,01,13,58.08069444444445
12,01,14,57.120444444444445
12,01,15,59.89911111111111
12,01,16,59.649861111111115
12,01,17,58.1725
12,01,18,61.61302777777777
12,01,19,60.51975
12,01,20,59.39619444444444
12,01,21,57.63241666666667
12,01,22,57.58705555555555
12,01,23,57.11761111111111
12,02,00,59.17572222222223
12,02,01,57.18511111111111
12,02,02,54.18058333333334
12,02,03,54.285611111111116
12,02,04,51.99397222222222
12,02,05,52.95638888888889
12,02,06,52.28180555555556
12,02,07,59.00789108085579
12,02,08,59.321444444444445
12,02,09,59.17941666666667
12,02,10,61.37352777777778
12,02,11,58.458888888888886
12,02,12,59.37463888888889
12,02,13,59.45297222222223
12,02,14,59.257222222222225
12,02,15,59.34675
12,02,16,59.74111111111111
12,02,17,59.22627777777778
12,02,18,60.35363888888889
12,02,19,58.66422222222223
12,02,20,58.41297222222222
12,02,21,56.28552777777777
12,02,22,55.79763888888889
12,02,23,56.22391666666667
12,03,00,53.89130555555556
12,03,01,50.82241666666667
12,03,02,49.55913888888889
12,03,03,49.00563888888889
12,03,04,48.16166666666667
12,03,05,46.45341666666666
12,03,06,50.51719444444444
12,03,07,49.03102777777778
12,03,08,50.485527777777776
12,03,09,52.70241733814949
12,03,10,55.778166666666664
12,03,11,55.98569444444445
12,03,12,55.76025
12,03,13,56.63158333333334
12,03,14,56.80544444444445
12,03,15,56.24166666666667
12,03,16,56.41863888888889
12,03,17,57.61972222222222
12,03,18,57.541583333333335
12,03,19,56.775499999999994
12,03,20,56.45586111111111
12,03,21,54.594722222222224
12,03,22,54.60772222222222
12,03,23,53.65738888888889
12,04,00,52.45272222222222
12,04,01,50.10975
12,04,02,49.38536111111111
12,04,03,47.20661111111111
12,04,04,48.47633333333333
12,04,05,45.89544444444444
12,04,06,46.66825
12,04,07,46.86197222222222
12,04,08,47.682027777777776
12,04,09,51.04683333333333
12,04,10,52.50666666666667
12,04,11,56.420833333333334
12,04,12,55.16686111111112
12,04,13,55.21275
12,04,14,55.37302777777778
12,04,15,55.14066666666667
12,04,16,55.30130555555556
12,04,17,55.93577777777777
12,04,18,58.017361111111114
12,04,19,58.66019444444445
12,04,20,59.88205555555555
12,04,21,59.777055555555556
12,04,22,56.62861111111111
12,04,23,52.49513888888889
12,05,00,51.04086111111111
12,05,01,48.893055555555556
12,05,02,46.310944444444445
12,05,03,44.71880555555556
12,05,04,46.47472222222222
12,05,05,46.64047222222223
12,05,06,50.604416666666665
12,05,07,57.33463888888889
12,05,08,60.92936111111111
12,05,09,61.76494444444444
12,05,10,61.11272222222222
12,05,11,60.13205555555555
12,05,12,59.43533333333334
12,05,13,60.14116666666667
12,05,14,59.89527777777778
12,05,15,59.36211111111111
12,05,16,59.79991666666667
12,05,17,58.641749999999995
12,05,18,60.06847222222222
12,05,19,59.05040288969158
12,05,20,59.722
12,05,21,57.05266666666667
12,05,22,56.06363888888889
12,05,23,53.41258333333333
12,06,00,51.52919444444444
12,06,01,49.30225
12,06,02,47.42227777777778
12,06,03,45.22986111111111
12,06,04,45.02411111111111
12,06,05,46.435916666666664
12,06,06,50.562999999999995
12,06,07,56.48036111111111
12,06,08,62.10080555555555
12,06,09,58.38966666666666
12,06,10,58.91052777777777
12,06,11,57.01219444444444
12,06,12,59.311527777777776
12,06,13,57.97735482078355
12,06,14,61.29766666666667
12,06,15,57.571083333333334
12,06,16,57.327555555555556
12,06,17,57.698277777777776
12,06,18,58.68080555555555
12,06,19,58.12119444444444
12,06,20,57.44622222222222
12,06,21,55.59125
12,06,22,56.172138888888895
12,06,23,54.84847222222222
12,07,00,52.31938888888889
12,07,01,50.94819444444445
12,07,02,47.65372222222222
12,07,03,46.61252777777778
12,07,04,46.38272222222222
12,07,05,49.55469444444444
12,07,06,51.79655555555556
12,07,07,56.62722222222222
12,07,08,58.783722222222224
12,07,09,58.14244444444444
12,07,10,58.67511111111111
12,07,11,58.39149763823284
12,07,12,59.380833333333335
12,07,13,59.47161111111111
12,07,14,59.120777777777775
12,07,15,63.45102777777778
12,07,16,63.24625
12,07,17,59.70177777777778
12,07,18,59.32263888888889
12,07,19,59.05236111111111
12,07,20,57.58047222222223
12,07,21,56.95677777777777
12,07,22,57.202305555555554
12,07,23,56.0115
12,08,00,52.81633333333333
12,08,01,52.22013888888889
12,08,02,49.86122222222222
12,08,03,50.04762434009447
12,08,04,49.65286111111111
12,08,05,51.17977777777778
12,08,06,59.812111111111115
12,08,07,57.95333333333333
12,08,08,59.699
12,08,09,58.50286111111111
12,08,10,59.37463888888889
12,08,11,58.093222222222224
12,08,12,60.69986111111111
12,08,13,58.73738888888889
12,08,14,57.252833333333335
12,08,15,58.80991666666667
12,08,16,57.73280555555556
12,08,17,59.064166666666665
12,08,18,60.58477777777778
12,08,19,58.61105555555555
12,08,20,58.929111111111105
12,08,21,58.093111111111114
12,08,22,56.16166666666667
12,08,23,57.755694444444444
12,09,00,55.220416666666665
12,09,01,57.56536111111111
12,09,02,53.78611111111111
12,09,03,52.236749999999994
12,09,04,52.11416666666667
12,09,05,52.225972222222225
12,09,06,53.99030555555556
12,09,07,55.508944444444445
12,09,08,59.39266666666667
12,09,09,59.914611111111114
12,09,10,58.99493882091212
12,09,11,59.26122222222222
12,09,12,60.12097222222222
12,09,13,59.63622222222222
12,09,14,58.96019444444445
12,09,15,59.420722222222224
12,09,16,59.683328702417334
12,09,17,59.496
12,09,18,59.57680555555555
12,09,19,59.48430555555556
12,09,20,58.61969444444444
12,09,21,56.930638888888886
12,09,22,54.99955555555555
12,09,23,57.23694444444445
12,10,00,54.35927777777778
12,10,01,52.089083333333335
12,10,02,49.50411111111111
12,10,03,48.80986111111111
12,10,04,51.314249999999994
12,10,05,46.922999999999995
12,10,06,46.29302777777777
12,10,07,49.33613888888889
12,10,08,50.09872222222222
12,10,09,58.86435120866907
12,10,10,54.58391666666667
12,10,11,55.89372222222222
12,10,12,56.78888888888889
12,10,13,57.651833333333336
12,10,14,58.52938888888889
12,10,15,58.182944444444445
12,10,16,58.58808333333334
12,10,17,58.67883333333333
12,10,18,60.41888888888889
12,10,19,59.45875
12,10,20,58.37175
12,10,21,57.163250000000005
12,10,22,56.501777777777775
12,10,23,55.70983333333333
12,11,00,52.431749999999994
12,11,01,50.43008333333333
12,11,02,47.53819444444444
12,11,03,48.22883333333333
12,11,04,45.8005
12,11,05,45.718222222222224
12,11,06,45.04133333333333
12,11,07,45.78172222222223
12,11,08,52.22655555555556
12,11,09,50.69633333333333
12,11,10,51.638333333333335
12,11,11,56.87916666666667
12,11,12,56.089666666666666
12,11,13,54.92377777777778
12,11,14,57.121
12,11,15,56.10947222222222
12,11,16,56.33080555555556
12,11,17,58.05011111111111
12,11,18,57.43552777777778
12,11,19,58.39877777777778
12,11,20,59.43747222222222
12,11,21,59.60552777777777
12,11,22,55.36588888888889
12,11,23,50.171055555555554
12,12,00,49.56733333333333
12,12,01,46.588138888888885
12,12,02,45.48997222222222
12,12,03,46.22366666666667
12,12,04,45.54263888888889
12,12,05,45.842622950819674
12,12,06,50.03688888888889
12,12,07,58.696888888888886
12,12,08,59.1535
12,12,09,57.638888888888886
12,12,10,58.94466666666666
12,12,11,57.715944444444446
12,12,12,59.265277777777776
12,12,13,57.22558333333333
12,12,14,56.99519444444445
12,12,15,56.97747222222222
12,12,16,58.87225
12,12,17,57.688361111111114
12,12,18,58.33408333333334
12,12,19,58.542027777777776
12,12,20,58.59357976653697
12,12,21,56.450750000000006
12,12,22,54.699
12,12,23,54.42875
12,13,00,50.7465
12,13,01,48.429944444444445
12,13,02,45.74263888888889
12,13,03,44.37016666666667
12,13,04,44.15691666666667
12,13,05,44.064194444444446
12,13,06,49.20955555555555
12,13,07,59.277055555555556
12,13,08,59.20183333333333
12,13,09,59.42480555555555
12,13,10,59.12991666666667
12,13,11,58.45747222222222
12,13,12,58.889805555555554
12,13,13,59.73397222222222
12,13,14,58.60383333333333
12,13,15,58.36902777777778
12,13,16,58.03677777777778
12,13,17,57.94605555555555
12,13,18,58.60355555555555
12,13,19,58.14675
12,13,20,57.840777777777774
12,13,21,56.083555555555556
12,13,22,55.66769444444445
12,13,23,55.53805555555556
12,14,00,50.33977777777778
12,14,01,48.36230555555555
12,14,02,48.217749999999995
12,14,03,45.28508333333333
12,14,04,44.490027777777776
12,14,05,44.409305555555555
12,14,06,49.48769444444445
12,14,07,58.52769444444445
12,14,08,58.159666666666666
12,14,09,58.090777777777774
12,14,10,57.562194444444444
12,14,11,57.78744444444444
12,14,12,58.57513888888889
12,14,13,58.05888888888889
12,14,14,55.84294444444445
12,14,15,56.32972222222222
12,14,16,57.588527777777784
12,14,17,57.17411111111111
12,14,18,58.92602777777778
12,14,19,58.59036111111111
12,14,20,56.587
12,14,21,56.063583333333334
12,14,22,57.030361111111105
12,14,23,54.80277777777778
12,15,00,51.43544444444444
12,15,01,49.748
12,15,02,48.17863888888889
12,15,03,47.59013888888889
12,15,04,48.74088888888889
12,15,05,50.38744444444444
12,15,06,49.97002777777778
12,15,07,57.37036111111111
12,15,08,59.03030555555556
12,15,09,57.34804003336113
12,15,10,60.06308333333334
12,15,11,58.726
12,15,12,58.86847222222222
12,15,13,58.33566666666667
12,15,14,57.22058333333334
12,15,15,57.647194444444445
12,15,16,57.649750000000004
12,15,17,58.726611111111104
12,15,18,59.40766666666667
12,15,19,60.06158333333334
12,15,20,58.02455555555555
12,15,21,57.39527777777778
12,15,22,58.68727777777778
12,15,23,55.72430555555555
12,16,00,55.47258333333333
12,16,01,51.86497222222222
12,16,02,51.21869444444444
12,16,03,49.521
12,16,04,51.626888888888885
12,16,05,49.9525
12,16,06,52.931749999999994
12,16,07,60.47619444444444
12,16,08,61.04877777777778
12,16,09,59.20422222222223
12,16,10,61.010472222222226
12,16,11,59.47025
12,16,12,59.94799999999999
12,16,13,59.681111111111115
12,16,14,59.03619444444444
12,16,15,59.79913888888889
12,16,16,59.25919444444445
12,16,17,59.610527777777776
12,16,18,60.89333333333333
12,16,19,60.52941666666666
12,16,20,58.77233333333333
12,16,21,56.55997222222222
12,16,22,58.545861111111115
12,16,23,55.126777777777775
12,17,00,54.11122222222222
12,17,01,52.00366666666667
12,17,02,48.38447222222222
12,17,03,47.74144444444445
12,17,04,47.227444444444444
12,17,05,47.437999999999995
12,17,06,46.60711111111111
12,17,07,48.39475
12,17,08,51.276583333333335
12,17,09,56.663472222222225
12,17,10,55.994194444444446
12,17,11,55.83986111111111
12,17,12,57.441916666666664
12,17,13,57.75513888888889
12,17,14,56.974472222222225
12,17,15,57.45663888888889
12,17,16,58.13341666666666
12,17,17,58.60080555555555
12,17,18,59.64727777777778
12,17,19,59.89644444444445
12,17,20,56.22619444444444
12,17,21,55.164944444444444
12,17,22,53.814512093411174
12,17,23,57.60333333333333
12,18,00,52.46372222222222
12,18,01,49.828583333333334
12,18,02,47.102333333333334
12,18,03,48.304249999999996
12,18,04,45.44758333333333
12,18,05,43.98769444444445
12,18,06,45.58225
12,18,07,45.205527777777775
12,18,08,46.747083333333336
12,18,09,53.639500000000005
12,18,10,52.22613888888889
12,18,11,56.44822222222222
12,18,12,56.268055555555556
12,18,13,55.40766666666667
12,18,14,56.84730555555555
12,18,15,57.165277777777774
12,18,16,55.761722222222225
12,18,17,57.04738888888889
12,18,18,57.09905555555556
12,18,19,59.29913888888889
12,18,20,60.961777777777776
12,18,21,60.87133333333333
12,18,22,57.623333333333335
12,18,23,52.95127777777778
12,19,00,52.07761111111111
12,19,01,45.28861111111111
12,19,02,45.70880555555556
12,19,03,47.47944444444445
12,19,04,47.32502777777778
12,19,05,48.56775
12,19,06,52.45272222222222
12,19,07,59.73663888888889
12,19,08,61.689305555555556
12,19,09,64.91816666666666
12,19,10,61.660444444444444
12,19,11,60.427055555555555
12,19,12,60.90405555555556
12,19,13,59.86288888888889
12,19,14,58.94625
12,19,15,58.79163888888889
12,19,16,57.788
12,19,17,58.57791666666667
12,19,18,58.86061111111111
12,19,19,59.38388888888889
12,19,20,57.86055555555556
12,19,21,56.645916666666665
12,19,22,54.587916666666665
12,19,23,53.80736111111111
12,20,00,49.45130555555556
12,20,01,48.51502777777778
12,20,02,45.45397222222222
12,20,03,45.552194444444446
12,20,04,43.83213888888889
12,20,05,47.34408333333334
12,20,06,50.17977777777778
12,20,07,57.56988888888889
12,20,08,59.66373992775771
12,20,09,60.31008333333333
12,20,10,60.349500000000006
12,20,11,60.303805555555556
12,20,12,59.985305555555556
12,20,13,61.90119444444444
12,20,14,60.36361111111111
12,20,15,60.530944444444444
12,20,16,60.04611111111111
12,20,17,59.972027777777775
12,20,18,61.30008333333333
12,20,19,62.02616666666667
12,20,20,60.186972222222224
12,20,21,59.54825
12,20,22,59.24113888888889
12,20,23,58.32563888888888
12,21,00,54.76438888888889
12,21,01,49.438472222222224
12,21,02,48.02322222222222
12,21,03,48.58772222222222
12,21,04,46.728388888888894
12,21,05,47.75425
12,21,06,49.566944444444445
12,21,07,56.17722222222222
12,21,08,58.58413888888889
12,21,09,58.83747222222222
12,21,10,58.70741666666667
12,21,11,58.93411111111111
12,21,12,58.67619444444444
12,21,13,58.59375
12,21,14,58.6345
12,21,15,57.913333333333334
12,21,16,57.69647222222222
12,21,17,60.75141666666667
12,21,18,60.27875
12,21,19,59.43258333333333
12,21,20,57.6485
12,21,21,56.76691666666667
12,21,22,56.02747222222222
12,21,23,55.46230555555555
12,22,00,51.86752777777778
12,22,01,50.39341666666667
12,22,02,48.534666666666666
12,22,03,50.64377777777778
12,22,04,50.75866666666667
12,22,05,52.06461111111111
12,22,06,53.52505555555556
12,22,07,57.091944444444444
12,22,08,59.297444444444444
12,22,09,59.56119444444444
12,22,10,59.56897222222222
12,22,11,58.810833333333335
12,22,12,58.22694444444444
12,22,13,58.304251180883576
12,22,14,58.41938888888888
12,22,15,61.00347222222222
12,22,16,60.81205555555555
12,22,17,61.16013888888889
12,22,18,61.96619444444444
12,22,19,61.969750000000005
12,22,20,59.93477777777778
12,22,21,58.827305555555554
12,22,22,56.82844444444444
12,22,23,54.67530555555556
12,23,00,52.96933333333334
12,23,01,53.059333333333335
12,23,02,48.504
12,23,03,49.11688888888889
12,23,04,47.86252777777778
12,23,05,48.65658333333334
12,23,06,49.78736111111111
12,23,07,56.45794444444444
12,23,08,58.86172222222223
12,23,09,59.07375
12,23,10,61.31436510141706
12,23,11,62.80505555555556
12,23,12,63.48025
12,23,13,60.23313888888889
12,23,14,59.813583333333334
12,23,15,60.51872222222222
12,23,16,60.213027777777775
12,23,17,59.66983333333333
12,23,18,59.24505555555556
12,23,19,57.90763888888889
12,23,20,56.899055555555556
12,23,21,56.450750000000006
12,23,22,55.34155555555556
12,23,23,52.98661111111111
12,24,00,52.43827777777778
12,24,01,52.43875
12,24,02,53.86194444444445
12,24,03,50.62141666666667
12,24,04,47.81675
12,24,05,46.53191666666667
12,24,06,47.02411111111111
12,24,07,48.42530555555556
12,24,08,50.99483333333333
12,24,09,51.646055555555556
12,24,10,54.28527777777778
12,24,11,55.15238888888889
12,24,12,55.48019444444445
12,24,13,55.251194444444444
12,24,14,54.90402777777778
12,24,15,55.35991666666667
12,24,16,54.80536111111111
12,24,17,56.872749999999996
12,24,18,54.51486937187326
12,24,19,53.15541666666667
12,24,20,49.491416666666666
12,24,21,49.56411111111111
12,24,22,49.46347222222222
12,24,23,48.85969444444444
12,25,00,49.32741666666667
12,25,01,47.460277777777776
12,25,02,44.79866666666667
12,25,03,41.861583333333336
12,25,04,43.75969444444444
12,25,05,42.402972222222225
12,25,06,45.15486111111111
12,25,07,44.11819444444444
12,25,08,45.61425
12,25,09,51.55880555555556
12,25,10,53.65441666666666
12,25,11,58.48113888888889
12,25,12,61.576
12,25,13,55.434666666666665
12,25,14,55.28417686318131
12,25,15,53.50172222222223
12,25,16,53.162055555555554
12,25,17,53.09025
12,25,18,53.27916666666667
12,25,19,52.69019444444445
12,25,20,52.214388888888884
12,25,21,56.66280555555556
12,25,22,50.87716666666666
12,25,23,54.46605555555555
12,26,00,48.94763888888889
12,26,01,43.443555555555555
12,26,02,44.518277777777776
12,26,03,43.03161111111111
12,26,04,42.318361111111116
12,26,05,43.803250000000006
12,26,06,47.165499999999994
12,26,07,51.933
12,26,08,52.52952777777777
12,26,09,53.02002777777778
12,26,10,53.504361111111116
12,26,11,55.571444444444445
12,26,12,55.681805555555556
12,26,13,55.662083333333335
12,26,14,56.80427777777778
12,26,15,56.20436111111111
12,26,16,54.83569444444444
12,26,17,55.25727777777778
12,26,18,55.35997222222222
12,26,19,55.69808333333334
12,26,20,53.80833333333333
12,26,21,53.045972222222225
12,26,22,50.978722222222224
12,26,23,49.796416666666666
12,27,00,47.29258333333333
12,27,01,43.938715953307394
12,27,02,43.30716666666666
12,27,03,43.93080555555555
12,27,04,42.990944444444445
12,27,05,44.31783333333334
12,27,06,46.68247222222222
12,27,07,51.13877777777778
12,27,08,51.89502777777778
12,27,09,54.732638888888886
12,27,10,55.11858333333333
12,27,11,54.98613888888889
12,27,12,57.219388888888886
12,27,13,56.50636111111111
12,27,14,55.81238888888889
12,27,15,56.28722222222222
12,27,16,55.48844444444444
12,27,17,56.65280555555556
12,27,18,58.336083333333335
12,27,19,56.05722222222222
12,27,20,54.613194444444446
12,27,21,54.74861111111111
12,27,22,51.968916666666665
12,27,23,51.49986111111111
12,28,00,48.92055555555555
12,28,01,46.58291666666667
12,28,02,47.397222222222226
12,28,03,45.96047222222222
12,28,04,46.92502777777778
12,28,05,46.55436111111111
12,28,06,48.524861111111115
12,28,07,55.42605555555555
12,28,08,54.309333333333335
12,28,09,56.470194444444445
12,28,10,56.24525
12,28,11,57.627916666666664
12,28,12,57.76669444444445
12,28,13,56.63966666666666
12,28,14,56.2525
12,28,15,56.229527777777776
12,28,16,56.650444444444446
12,28,17,57.60263888888889
12,28,18,59.31361111111111
12,28,19,57.90125
12,28,20,55.52352777777778
12,28,21,53.52861111111111
12,28,22,53.80597222222222
12,28,23,52.53875
12,29,00,51.84177777777778
12,29,01,50.14997222222222
12,29,02,50.93108333333333
12,29,03,52.647222222222226
12,29,04,53.77265907196443
12,29,05,45.54002777777778
12,29,06,48.34102777777778
12,29,07,54.82427777777777
12,29,08,55.23904947192885
12,29,09,55.73133333333333
12,29,10,56.75494444444444
12,29,11,56.64783333333334
12,29,12,56.71977777777778
12,29,13,57.95866666666667
12,29,14,56.41813888888888
12,29,15,56.77972222222222
12,29,16,57.83772222222222
12,29,17,57.43716666666666
12,29,18,57.58997222222222
12,29,19,57.624361111111114
12,29,20,55.831805555555555
12,29,21,53.87011111111111
12,29,22,53.248222222222225
12,29,23,52.431583333333336
12,30,00,51.47897222222222
12,30,01,46.65008333333333
12,30,02,46.31755555555556
12,30,03,47.321888888888886
12,30,04,47.98458333333333
12,30,05,45.92794444444445
12,30,06,48.00683333333333
12,30,07,52.03180555555556
12,30,08,53.05597222222222
12,30,09,55.19408333333334
12,30,10,56.99966666666666
12,30,11,56.41002777777778
12,30,12,58.11747222222222
12,30,13,60.439416666666666
12,30,14,58.83738888888889
12,30,15,58.54666666666667
12,30,16,58.32816666666667
12,30,17,58.70763888888889
12,30,18,58.07813888888889
12,30,19,56.312083333333334
12,30,20,57.77597222222222
12,30,21,65.84805555555556
12,30,22,61.58883023061962
12,30,23,53.97125
12,31,00,51.20361111111111
12,31,01,51.41613888888889
12,31,02,50.89908333333334
12,31,03,49.45008333333333
12,31,04,50.57944444444445
12,31,05,53.42469444444444
12,31,06,58.110638888888886
12,31,07,52.53802777777778
12,31,08,52.14802777777778
12,31,09,56.306749999999994
12,31,10,55.478944444444444
12,31,11,56.73844444444444
12,31,12,58.21827777777777
12,31,13,57.888496804667966
12,31,14,56.529444444444444
12,31,15,56.281083333333335
12,31,16,56.532138888888895
12,31,17,56.64172222222223
12,31,18,57.806777777777775
12,31,19,57.36683333333333
12,31,20,56.13147222222222
12,31,21,54.67052777777778
12,31,22,55.364222222222224
12,31,23,61.51700472353432
